[
  {
    "version": 1,
    "currencyMinimumDonation": {
      "USD": 1,
      "CAD": 1.35,
      "AUD": 1.45,
      "NZD": 1.56,
      "GBP": 0.81,
      "EUR": 0.92,
      "DKK": 6.88,
      "HUF": 365,
      "ILS": 3.4,
      "INR": 10,
      "JPY": 128,
      "MYR": 4.31,
      "NOK": 9.92,
      "PLN": 4.36,
      "CZK": 22,
      "RON": 4.55,
      "SEK": 10,
      "UAH": 37,
      "ZAR": 17,
      "BRL": 5.19,
      "ARS": 183,
      "CLP": 825,
      "COP": 4684,
      "MXN": 19,
      "PEN": 3.8,
      "UYU": 39,
      "CHF": 0.92
    },
    "currencyMaximumDonation": {
      "USD": 25000
    },
    "currencyAmountPresets": {
      "USD": [
        3,
        10,
        15,
        25,
        50,
        75,
        100
      ],
      "CAD": [
        3,
        10,
        15,
        25,
        50,
        75,
        100
      ],
      "AUD": [
        3,
        10,
        15,
        25,
        50,
        75,
        100
      ],
      "NZD": [
        3,
        10,
        15,
        25,
        50,
        75,
        100
      ],
      "GBP": [
        2,
        10,
        15,
        25,
        50,
        75,
        100
      ],
      "EUR": [
        2,
        10,
        15,
        25,
        50,
        75,
        100
      ],
      "DKK": [
        20,
        100,
        150,
        200,
        300,
        500,
        750
      ],
      "HUF": [
        500,
        1000,
        2000,
        4000,
        5000,
        7000,
        10000
      ],
      "ILS": [
        10,
        35,
        50,
        100,
        200,
        300,
        400
      ],
      "INR": [
        25,
        300,
        500,
        1000,
        1500,
        3000,
        5000
      ],
      "JPY": [
        300,
        1000,
        1500,
        2000,
        3000,
        5000,
        10000
      ],
      "MYR": [
        10,
        30,
        50,
        100,
        200,
        300,
        500
      ],
      "NOK": [
        20,
        100,
        150,
        200,
        500,
        750,
        1000
      ],
      "PLN": [
        10,
        20,
        50,
        100,
        200,
        300,
        500
      ],
      "CZK": [
        50,
        100,
        250,
        500,
        1000,
        1500,
        2500
      ],
      "RON": [
        10,
        50,
        75,
        100,
        200,
        300,
        500
      ],
      "SEK": [
        30,
        50,
        100,
        200,
        300,
        500,
        1000
      ],
      "UAH": [
        50,
        75,
        150,
        300,
        500,
        750,
        1000
      ],
      "ZAR": [
        30,
        50,
        100,
        200,
        300,
        500,
        1000
      ],
      "BRL": [
        10,
        20,
        30,
        50,
        100,
        200,
        300
      ],
      "ARS": [
        200,
        250,
        500,
        750,
        1000,
        1500,
        2000
      ],
      "CLP": [
        1500,
        2500,
        5000,
        10000,
        15000,
        25000,
        50000
      ],
      "COP": [
        7000,
        10000,
        20000,
        50000,
        100000,
        150000,
        200000
      ],
      "MXN": [
        40,
        70,
        150,
        250,
        500,
        700,
        1000
      ],
      "PEN": [
        10,
        15,
        25,
        50,
        75,
        100,
        200
      ],
      "UYU": [
        100,
        200,
        300,
        500,
        1000,
        1500,
        2000
      ],
      "CHF": [
        3,
        5,
        10,
        25,
        50,
        100,
        200
      ]
    },
    "currencyTransactionFees": {
      "DKK": 2,
      "HUF": 100,
      "ILS": 1.2,
      "INR": 4,
      "JPY": 35,
      "MYR": 1,
      "NOK": 3,
      "PLN": 1.35,
      "CZK": 7.5,
      "RON": 1.5,
      "SEK": 3,
      "UAH": 10,
      "ZAR": 5,
      "BRL": 2,
      "ARS": 32,
      "CLP": 255,
      "COP": 1300,
      "MXN": 7.4,
      "PEN": 1.3,
      "UYU": 15.5,
      "default": 0.35
    },
    "countryCodeEmailOptInRequired": [
      "AR",
      "AT",
      "BE",
      "BR",
      "CL",
      "CO",
      "CZ",
      "DK",
      "ES",
      "FR",
      "GB",
      "HU",
      "IE",
      "IL",
      "IT",
      "LU",
      "LV",
      "MX",
      "NL",
      "NO",
      "PE",
      "PL",
      "PT",
      "RO",
      "SE",
      "SK",
      "UA",
      "UY",
      "ZZ"
    ]
  }
]
