{
  "batchcomplete": true,
  "query": {
    "pages": [
      {
        "pageid": 91946,
        "ns": 0,
        "title": "Cat",
        "contentmodel": "wikitext",
        "pagelanguage": "en",
        "pagelanguagehtmlcode": "en",
        "pagelanguagedir": "ltr",
        "touched": "2023-05-24T20:44:49Z",
        "lastrevid": 571189,
        "length": 1560,
        "watched": true,
        "watchlistexpiry": "2023-07-02T00:48:50Z"
      }
    ],
    "userinfo": {
      "id": 42540,
      "name": "TSevener (WMF)",
      "rights": [
        "ipblock-exempt",
        "torunblocked",
        "sfsblock-bypass",
        "deleterevision",
        "extendedconfirmed",
        "templateeditor",
        "securepoll-create-poll",
        "suppressredirect",
        "noratelimit",
        "deletelogentry",
        "editcontentmodel",
        "block",
        "createaccount",
        "delete",
        "deletedhistory",
        "deletedtext",
        "undelete",
        "editinterface",
        "editsitejson",
        "edituserjson",
        "import",
        "move",
        "move-subpages",
        "move-rootuserpages",
        "move-categorypages",
        "patrol",
        "autopatrol",
        "protect",
        "editprotected",
        "rollback",
        "upload",
        "reupload",
        "reupload-shared",
        "unwatchedpages",
        "autoconfirmed",
        "editsemiprotected",
        "blockemail",
        "markbotedits",
        "apihighlimits",
        "browsearchive",
        "movefile",
        "mergehistory",
        "managechangetags",
        "deletechangetags",
        "pagelang",
        "flow-create-board",
        "oathauth-enable",
        "ipinfo-view-full",
        "tboverride",
        "titleblacklistlog",
        "transcode-reset",
        "transcode-status",
        "urlshortener-create-url",
        "globalblock-whitelist",
        "nuke",
        "skipcaptcha",
        "override-antispoof",
        "centralauth-createlocal",
        "abusefilter-log-detail",
        "abusefilter-view-private",
        "abusefilter-log-private",
        "abusefilter-modify",
        "abusefilter-modify-restricted",
        "massmessage",
        "upwizcampaigns",
        "mass-upload",
        "flow-lock",
        "flow-delete",
        "flow-edit-post",
        "flow-edit-title",
        "newsletter-create",
        "newsletter-delete",
        "newsletter-manage",
        "newsletter-restore",
        "setmentor",
        "managementors",
        "campaignevents-delete-registration",
        "read",
        "edit",
        "createpage",
        "createtalk",
        "writeapi",
        "viewmywatchlist",
        "editmywatchlist",
        "viewmyprivateinfo",
        "editmyprivateinfo",
        "editmyoptions",
        "translate",
        "centralauth-merge",
        "abusefilter-view",
        "abusefilter-log",
        "createpagemainns",
        "vipsscaler-test",
        "flow-hide",
        "upload_by_url",
        "reupload-own",
        "minoredit",
        "editmyusercss",
        "editmyuserjson",
        "editmyuserjs",
        "purge",
        "sendemail",
        "applychangetags",
        "changetags",
        "translate-messagereview",
        "translate-groupreview",
        "spamblacklistlog",
        "lqt-split",
        "lqt-merge",
        "lqt-react",
        "mwoauthmanagemygrants",
        "campaignevents-enable-registration",
        "campaignevents-organize-events",
        "collectionsaveasuserpage",
        "collectionsaveascommunitypage",
        "ipinfo",
        "ipinfo-view-basic",
        "enrollasmentor"
      ]
    }
  }
}
