{
  "batchcomplete": true,
  "query": {
    "watchlist": [
      {
        "type": "edit",
        "ns": 1,
        "title": "Talk:Cat",
        "pageid": 17673008,
        "revid": 1157699533,
        "old_revid": 1157699360,
        "user": "CatLover 1137",
        "anon": false,
        "bot": false,
        "new": false,
        "minor": false,
        "oldlen": 4071,
        "newlen": 4246,
        "timestamp": "2023-05-30T11:37:31Z",
        "comment": "/* I disagree with the above comment */ Reply",
        "parsedcomment": "<span dir=\"auto\"><span class=\"autocomment\"><a href=\"/wiki/Talk:Cat#I_disagree_with_the_above_comment\" title=\"Talk:Cat\">→‎I disagree with the above comment</a>: </span> Reply</span>"
      },
      {
        "type": "edit",
        "ns": 1,
        "title": "Talk:Cat",
        "pageid": 17673008,
        "revid": 1157699360,
        "old_revid": 1157527662,
        "user": "CatLover 1137",
        "anon": false,
        "bot": false,
        "new": false,
        "minor": false,
        "oldlen": 3843,
        "newlen": 4071,
        "timestamp": "2023-05-30T11:35:15Z",
        "comment": "/* I disagree with the above comment */ new section",
        "parsedcomment": "<span dir=\"auto\"><span class=\"autocomment\"><a href=\"/wiki/Talk:Cat#I_disagree_with_the_above_comment\" title=\"Talk:Cat\">→‎I disagree with the above comment</a>: </span> new section</span>"
      },
      {
        "type": "edit",
        "ns": 1,
        "title": "Talk:Cat",
        "pageid": 17673008,
        "revid": 1157527662,
        "old_revid": 1157527217,
        "user": "Tropicalkitty",
        "anon": false,
        "bot": false,
        "new": false,
        "minor": false,
        "oldlen": 4427,
        "newlen": 3843,
        "timestamp": "2023-05-29T07:09:10Z",
        "comment": "Out of scope",
        "parsedcomment": "Out of scope"
      },
      {
        "type": "edit",
        "ns": 1,
        "title": "Talk:Cat",
        "pageid": 17673008,
        "revid": 1157527217,
        "old_revid": 1157526894,
        "user": "Tropicalkitty",
        "anon": false,
        "bot": false,
        "new": false,
        "minor": false,
        "oldlen": 4553,
        "newlen": 4427,
        "timestamp": "2023-05-29T07:07:48Z",
        "comment": "Restored revision 1157086606 by [[Special:Contributions/Carpimaps|Carpimaps]] ([[User talk:Carpimaps|talk]])",
        "parsedcomment": "Restored revision 1157086606 by <a href=\"/wiki/Special:Contributions/Carpimaps\" title=\"Special:Contributions/Carpimaps\">Carpimaps</a> (<a href=\"/wiki/User_talk:Carpimaps\" title=\"User talk:Carpimaps\">talk</a>)"
      },
      {
        "type": "edit",
        "ns": 1,
        "title": "Talk:Cat",
        "pageid": 17673008,
        "revid": 1157526894,
        "old_revid": 1157086606,
        "user": "80.75.167.162",
        "anon": true,
        "bot": false,
        "new": false,
        "minor": false,
        "oldlen": 4427,
        "newlen": 4553,
        "timestamp": "2023-05-29T07:06:47Z",
        "comment": "",
        "parsedcomment": ""
      },
      {
        "type": "edit",
        "ns": 1,
        "title": "Talk:Cat",
        "pageid": 17673008,
        "revid": 1157086606,
        "old_revid": 1155828275,
        "user": "Carpimaps",
        "anon": false,
        "bot": false,
        "new": false,
        "minor": false,
        "oldlen": 5089,
        "newlen": 4427,
        "timestamp": "2023-05-26T05:54:56Z",
        "comment": "rm bad edit request",
        "parsedcomment": "rm bad edit request"
      },
      {
        "type": "edit",
        "ns": 0,
        "title": "Cat",
        "pageid": 6678,
        "revid": 1155871225,
        "old_revid": 1155526703,
        "user": "Amigao",
        "anon": false,
        "bot": false,
        "new": false,
        "minor": false,
        "oldlen": 151832,
        "newlen": 151404,
        "timestamp": "2023-05-20T03:33:57Z",
        "comment": "need a [[WP:RS]] for factual claims, not [[WP:STATISTA]]",
        "parsedcomment": "need a <a href=\"/wiki/Wikipedia:RS\" class=\"mw-redirect\" title=\"Wikipedia:RS\">WP:RS</a> for factual claims, not <a href=\"/wiki/Wikipedia:STATISTA\" class=\"mw-redirect\" title=\"Wikipedia:STATISTA\">WP:STATISTA</a>"
      },
      {
        "type": "edit",
        "ns": 1,
        "title": "Talk:Cat",
        "pageid": 17673008,
        "revid": 1155828275,
        "old_revid": 1155827754,
        "user": "SandyGeorgia",
        "anon": false,
        "bot": false,
        "new": false,
        "minor": false,
        "oldlen": 5209,
        "newlen": 5089,
        "timestamp": "2023-05-19T22:44:35Z",
        "comment": "Rvv",
        "parsedcomment": "Rvv"
      },
      {
        "type": "edit",
        "ns": 1,
        "title": "Talk:Cat",
        "pageid": 17673008,
        "revid": 1155827754,
        "old_revid": 1155827663,
        "user": "47.144.232.59",
        "anon": true,
        "bot": false,
        "new": false,
        "minor": false,
        "oldlen": 5141,
        "newlen": 5209,
        "timestamp": "2023-05-19T22:41:00Z",
        "parsedcomment": ""
      },
      {
        "type": "edit",
        "ns": 1,
        "title": "Talk:Cat",
        "pageid": 17673008,
        "revid": 1155827663,
        "old_revid": 1155553424,
        "user": "47.144.232.59",
        "anon": true,
        "bot": false,
        "new": false,
        "minor": false,
        "oldlen": 5089,
        "newlen": 5141,
        "timestamp": "2023-05-19T22:40:24Z",
        "comment": ""
      },
      {
        "type": "edit",
        "ns": 1,
        "title": "Talk:Cat",
        "pageid": 17673008,
        "revid": 1155553424,
        "old_revid": 1154741163,
        "user": "SilverTiger12",
        "anon": false,
        "bot": false,
        "new": false,
        "minor": true,
        "oldlen": 5018,
        "newlen": 5089,
        "timestamp": "2023-05-18T17:30:32Z",
      },
      {
        "type": "edit",
        "ns": 0,
        "title": "Cat",
        "pageid": 6678,
        "revid": 1155526703,
        "old_revid": 1155015519,
        "user": "Starchamelix",
        "anon": false,
        "bot": false,
        "new": false,
        "minor": true,
        "oldlen": 151826,
        "newlen": 151832,
        "timestamp": "2023-05-18T14:57:30Z",
        "comment": "Cats usuallly don't kill large rodents such as capybaras or beavers. They mostly kill rats, mice, and other small rodents.",
        "parsedcomment": "Cats usuallly don&#039;t kill large rodents such as capybaras or beavers. They mostly kill rats, mice, and other small rodents."
      },
      {
        "type": "edit",
        "ns": 0,
        "title": "Cat",
        "pageid": 6678,
        "revid": 1155015519,
        "old_revid": 1153498499,
        "user": "Taketa",
        "anon": false,
        "bot": false,
        "new": false,
        "minor": false,
        "oldlen": 151827,
        "newlen": 151826,
        "timestamp": "2023-05-16T03:49:08Z",
        "comment": "ccat -> cat",
        "parsedcomment": "ccat -&gt; cat"
      },
      {
        "type": "edit",
        "ns": 1,
        "title": "Talk:Cat",
        "pageid": 17673008,
        "revid": 1154741163,
        "old_revid": 1154741113,
        "user": "Nthep",
        "anon": false,
        "bot": false,
        "new": false,
        "minor": true,
        "oldlen": 5007,
        "newlen": 5018,
        "timestamp": "2023-05-14T11:11:51Z",
        "comment": "Reverted edits by [[Special:Contribs/92.251.211.118|92.251.211.118]] ([[User talk:92.251.211.118|talk]]) to last version by BhagyaMani",
        "parsedcomment": "Reverted edits by <a href=\"/wiki/Special:Contributions/92.251.211.118\" title=\"Special:Contributions/92.251.211.118\">92.251.211.118</a> (<a href=\"/w/index.php?title=User_talk:92.251.211.118&amp;action=edit&amp;redlink=1\" class=\"new\" title=\"User talk:92.251.211.118 (page does not exist)\">talk</a>) to last version by BhagyaMani"
      },
      {
        "type": "edit",
        "ns": 1,
        "title": "Talk:Cat",
        "pageid": 17673008,
        "revid": 1154741113,
        "old_revid": 1154711124,
        "user": "92.251.211.118",
        "anon": true,
        "bot": false,
        "new": false,
        "minor": false,
        "oldlen": 5018,
        "newlen": 5007,
        "timestamp": "2023-05-14T11:11:15Z",
        "comment": "Wikipedia is bad don't use it people edit it like I'm doing right now",
        "parsedcomment": "Wikipedia is bad don&#039;t use it people edit it like I&#039;m doing right now"
      },
      {
        "type": "edit",
        "ns": 1,
        "title": "Talk:Cat",
        "pageid": 17673008,
        "revid": 1154711124,
        "old_revid": 1154686019,
        "user": "BhagyaMani",
        "anon": false,
        "bot": false,
        "new": false,
        "minor": false,
        "oldlen": 5590,
        "newlen": 5018,
        "timestamp": "2023-05-14T05:26:08Z",
        "comment": "Restored revision 1154507810 by [[Special:Contributions/Partofthemachine|Partofthemachine]] ([[User talk:Partofthemachine|talk]]): Test",
        "parsedcomment": "Restored revision 1154507810 by <a href=\"/wiki/Special:Contributions/Partofthemachine\" title=\"Special:Contributions/Partofthemachine\">Partofthemachine</a> (<a href=\"/wiki/User_talk:Partofthemachine\" title=\"User talk:Partofthemachine\">talk</a>): Test"
      },
      {
        "type": "edit",
        "ns": 1,
        "title": "Talk:Cat",
        "pageid": 17673008,
        "revid": 1154686019,
        "old_revid": 1154507810,
        "user": "2001:8003:ED34:4000:5D2F:E15E:E6C4:BD9C",
        "anon": true,
        "bot": false,
        "new": false,
        "minor": false,
        "oldlen": 5018,
        "newlen": 5590,
        "timestamp": "2023-05-14T01:20:01Z",
        "comment": "/* Subspecies of African Wildcat? */ new section",
        "parsedcomment": "<span dir=\"auto\"><span class=\"autocomment\"><a href=\"/wiki/Talk:Cat#Subspecies_of_African_Wildcat?\" title=\"Talk:Cat\">→‎Subspecies of African Wildcat?</a>: </span> new section</span>"
      },
      {
        "type": "edit",
        "ns": 1,
        "title": "Talk:Cat",
        "pageid": 17673008,
        "revid": 1154507810,
        "old_revid": 1154507770,
        "user": "Partofthemachine",
        "anon": false,
        "bot": false,
        "new": false,
        "minor": false,
        "oldlen": 5034,
        "newlen": 5018,
        "timestamp": "2023-05-12T23:34:13Z",
        "comment": "Undid revision 1154507770 by [[Special:Contributions/2601:408:C404:864D:6C67:8972:CB2C:B361|2601:408:C404:864D:6C67:8972:CB2C:B361]] ([[User talk:2601:408:C404:864D:6C67:8972:CB2C:B361|talk]])",
        "parsedcomment": "Undid revision 1154507770 by <a href=\"/wiki/Special:Contributions/2601:408:C404:864D:6C67:8972:CB2C:B361\" title=\"Special:Contributions/2601:408:C404:864D:6C67:8972:CB2C:B361\">2601:408:C404:864D:6C67:8972:CB2C:B361</a> (<a href=\"/wiki/User_talk:2601:408:C404:864D:6C67:8972:CB2C:B361\" title=\"User talk:2601:408:C404:864D:6C67:8972:CB2C:B361\">talk</a>)"
      },
      {
        "type": "edit",
        "ns": 1,
        "title": "Talk:Cat",
        "pageid": 17673008,
        "revid": 1154507770,
        "old_revid": 1154330199,
        "user": "2601:408:C404:864D:6C67:8972:CB2C:B361",
        "anon": true,
        "bot": false,
        "new": false,
        "minor": false,
        "oldlen": 5018,
        "newlen": 5034,
        "timestamp": "2023-05-12T23:33:49Z",
        "comment": "",
        "parsedcomment": ""
      },
      {
        "type": "edit",
        "ns": 1,
        "title": "Talk:Cat",
        "pageid": 17673008,
        "revid": 1154330199,
        "old_revid": 1154305689,
        "user": "Technopat",
        "anon": false,
        "bot": false,
        "new": false,
        "minor": true,
        "oldlen": 5181,
        "newlen": 5018,
        "timestamp": "2023-05-11T19:14:09Z",
        "comment": "Reverted edits by [[Special:Contribs/142.115.20.81|142.115.20.81]] ([[User talk:142.115.20.81|talk]]) to last version by Lowercase sigmabot III",
        "parsedcomment": "Reverted edits by <a href=\"/wiki/Special:Contributions/142.115.20.81\" title=\"Special:Contributions/142.115.20.81\">142.115.20.81</a> (<a href=\"/wiki/User_talk:142.115.20.81\" title=\"User talk:142.115.20.81\">talk</a>) to last version by Lowercase sigmabot III"
      },
      {
        "type": "edit",
        "ns": 1,
        "title": "Talk:Cat",
        "pageid": 17673008,
        "revid": 1154305689,
        "old_revid": 1154241383,
        "user": "142.115.20.81",
        "anon": true,
        "bot": false,
        "new": false,
        "minor": false,
        "oldlen": 5018,
        "newlen": 5181,
        "timestamp": "2023-05-11T15:50:13Z",
        "comment": "/* i love cats */ new section",
        "parsedcomment": "<span dir=\"auto\"><span class=\"autocomment\"><a href=\"/wiki/Talk:Cat#i_love_cats\" title=\"Talk:Cat\">→‎i love cats</a>: </span> new section</span>"
      },
      {
        "type": "edit",
        "ns": 1,
        "title": "Talk:Cat",
        "pageid": 17673008,
        "revid": 1154241383,
        "old_revid": 1154236179,
        "user": "Lowercase sigmabot III",
        "anon": false,
        "bot": true,
        "new": false,
        "minor": true,
        "oldlen": 7525,
        "newlen": 5018,
        "timestamp": "2023-05-11T04:50:44Z",
        "comment": "Archiving 3 discussion(s) to [[Talk:Cat/Archive 14]]) (bot",
        "parsedcomment": "Archiving 3 discussion(s) to <a href=\"/wiki/Talk:Cat/Archive_14\" title=\"Talk:Cat/Archive 14\">Talk:Cat/Archive 14</a>) (bot"
      },
      {
        "type": "edit",
        "ns": 1,
        "title": "Talk:Cat",
        "pageid": 17673008,
        "revid": 1154236179,
        "old_revid": 1154236122,
        "user": "Engr. Smitty",
        "anon": false,
        "bot": false,
        "new": false,
        "minor": true,
        "oldlen": 7526,
        "newlen": 7525,
        "timestamp": "2023-05-11T03:58:45Z",
        "comment": "Reverted edits by [[Special:Contributions/2001:448A:2018:130D:95E:7FAF:CE57:1C0E|2001:448A:2018:130D:95E:7FAF:CE57:1C0E]] ([[User talk:2001:448A:2018:130D:95E:7FAF:CE57:1C0E|talk]]) ([[WP:AntiVandal|AV]])",
        "parsedcomment": "Reverted edits by <a href=\"/wiki/Special:Contributions/2001:448A:2018:130D:95E:7FAF:CE57:1C0E\" title=\"Special:Contributions/2001:448A:2018:130D:95E:7FAF:CE57:1C0E\">2001:448A:2018:130D:95E:7FAF:CE57:1C0E</a> (<a href=\"/wiki/User_talk:2001:448A:2018:130D:95E:7FAF:CE57:1C0E\" title=\"User talk:2001:448A:2018:130D:95E:7FAF:CE57:1C0E\">talk</a>) (<a href=\"/wiki/Wikipedia:AntiVandal\" title=\"Wikipedia:AntiVandal\">AV</a>)"
      },
      {
        "type": "edit",
        "ns": 1,
        "title": "Talk:Cat",
        "pageid": 17673008,
        "revid": 1154236122,
        "old_revid": 1154163321,
        "user": "2001:448A:2018:130D:95E:7FAF:CE57:1C0E",
        "anon": true,
        "bot": false,
        "new": false,
        "minor": false,
        "oldlen": 7525,
        "newlen": 7526,
        "timestamp": "2023-05-11T03:58:22Z",
        "comment": "hello people do not put the cat in blender or in microwave it made everyone sadder",
        "parsedcomment": "hello people do not put the cat in blender or in microwave it made everyone sadder"
      },
      {
        "type": "edit",
        "ns": 1,
        "title": "Talk:Cat",
        "pageid": 17673008,
        "revid": 1154163321,
        "old_revid": 1154163008,
        "user": "Favonian",
        "anon": false,
        "bot": false,
        "new": false,
        "minor": true,
        "oldlen": 7648,
        "newlen": 7525,
        "timestamp": "2023-05-10T17:23:35Z",
        "comment": "Reverted edits by [[Special:Contribs/71.70.137.110|71.70.137.110]] ([[User talk:71.70.137.110|talk]]) to last version by Lightoil",
        "parsedcomment": "Reverted edits by <a href=\"/wiki/Special:Contributions/71.70.137.110\" title=\"Special:Contributions/71.70.137.110\">71.70.137.110</a> (<a href=\"/w/index.php?title=User_talk:71.70.137.110&amp;action=edit&amp;redlink=1\" class=\"new\" title=\"User talk:71.70.137.110 (page does not exist)\">talk</a>) to last version by Lightoil"
      },
      {
        "type": "edit",
        "ns": 1,
        "title": "Talk:Cat",
        "pageid": 17673008,
        "revid": 1154163008,
        "old_revid": 1154109760,
        "user": "71.70.137.110",
        "anon": true,
        "bot": false,
        "new": false,
        "minor": false,
        "oldlen": 7525,
        "newlen": 7648,
        "timestamp": "2023-05-10T17:21:11Z",
        "comment": "",
        "parsedcomment": ""
      },
      {
        "type": "edit",
        "ns": 1,
        "title": "Talk:Cat",
        "pageid": 17673008,
        "revid": 1154109760,
        "old_revid": 1154109101,
        "user": "Lightoil",
        "anon": false,
        "bot": false,
        "new": false,
        "minor": false,
        "oldlen": 7127,
        "newlen": 7525,
        "timestamp": "2023-05-10T09:36:13Z",
        "comment": "/* Semi-protected edit request on 10 May 2023 (2) */ Edit request not done: It is an unclear request which can't be completed ([[User:Terasail/Edit_Request_Tool|Edit Request Tool]])",
        "parsedcomment": "<span dir=\"auto\"><span class=\"autocomment\"><a href=\"/wiki/Talk:Cat#Semi-protected_edit_request_on_10_May_2023_(2)\" title=\"Talk:Cat\">→‎Semi-protected edit request on 10 May 2023 (2)</a>: </span> Edit request not done: It is an unclear request which can&#039;t be completed (<a href=\"/wiki/User:Terasail/Edit_Request_Tool\" title=\"User:Terasail/Edit Request Tool\">Edit Request Tool</a>)</span>"
      },
      {
        "type": "edit",
        "ns": 1,
        "title": "Talk:Cat",
        "pageid": 17673008,
        "revid": 1154109101,
        "old_revid": 1154108929,
        "user": "185.175.32.94",
        "anon": true,
        "bot": false,
        "new": false,
        "minor": false,
        "oldlen": 6863,
        "newlen": 7127,
        "timestamp": "2023-05-10T09:28:29Z",
        "comment": "/* Semi-protected edit request on 10 May 2023 (2) */ new section",
        "parsedcomment": "<span dir=\"auto\"><span class=\"autocomment\"><a href=\"/wiki/Talk:Cat#Semi-protected_edit_request_on_10_May_2023_(2)\" title=\"Talk:Cat\">→‎Semi-protected edit request on 10 May 2023 (2)</a>: </span> new section</span>"
      },
      {
        "type": "edit",
        "ns": 1,
        "title": "Talk:Cat",
        "pageid": 17673008,
        "revid": 1154108929,
        "old_revid": 1154108862,
        "user": "185.175.32.94",
        "anon": true,
        "bot": false,
        "new": false,
        "minor": false,
        "oldlen": 6680,
        "newlen": 6863,
        "timestamp": "2023-05-10T09:26:19Z",
        "comment": "/* Semi-protected edit request on 10 May 2023 */ Reply",
        "parsedcomment": "<span dir=\"auto\"><span class=\"autocomment\"><a href=\"/wiki/Talk:Cat#Semi-protected_edit_request_on_10_May_2023\" title=\"Talk:Cat\">→‎Semi-protected edit request on 10 May 2023</a>: </span> Reply</span>"
      },
      {
        "type": "edit",
        "ns": 1,
        "title": "Talk:Cat",
        "pageid": 17673008,
        "revid": 1154108862,
        "old_revid": 1154108789,
        "user": "SineBot",
        "anon": false,
        "bot": true,
        "new": false,
        "minor": true,
        "oldlen": 6399,
        "newlen": 6680,
        "timestamp": "2023-05-10T09:25:19Z",
        "comment": "Signing comment by [[Special:Contributions/185.175.32.94|185.175.32.94]] - \"/* Semi-protected edit request on 10 May 2023 */ new section\"",
        "parsedcomment": "Signing comment by <a href=\"/wiki/Special:Contributions/185.175.32.94\" title=\"Special:Contributions/185.175.32.94\">185.175.32.94</a> - &quot;<span dir=\"auto\"><span class=\"autocomment\"><a href=\"/wiki/Talk:Cat#Semi-protected_edit_request_on_10_May_2023\" title=\"Talk:Cat\">→‎Semi-protected edit request on 10 May 2023</a>: </span> new section&quot;</span>"
      },
      {
        "type": "edit",
        "ns": 1,
        "title": "Talk:Cat",
        "pageid": 17673008,
        "revid": 1154108789,
        "old_revid": 1153927902,
        "user": "185.175.32.94",
        "anon": true,
        "bot": false,
        "new": false,
        "minor": false,
        "oldlen": 6279,
        "newlen": 6399,
        "timestamp": "2023-05-10T09:24:13Z",
        "comment": "/* Semi-protected edit request on 10 May 2023 */ new section",
        "parsedcomment": "<span dir=\"auto\"><span class=\"autocomment\"><a href=\"/wiki/Talk:Cat#Semi-protected_edit_request_on_10_May_2023\" title=\"Talk:Cat\">→‎Semi-protected edit request on 10 May 2023</a>: </span> new section</span>"
      },
      {
        "type": "edit",
        "ns": 1,
        "title": "Talk:Cat",
        "pageid": 17673008,
        "revid": 1153927902,
        "old_revid": 1153927027,
        "user": "BhagyaMani",
        "anon": false,
        "bot": false,
        "new": false,
        "minor": true,
        "oldlen": 6608,
        "newlen": 6279,
        "timestamp": "2023-05-09T05:33:18Z",
        "comment": "Reverted 1 edit by [[Special:Contributions/165.228.39.158|165.228.39.158]] ([[User talk:165.228.39.158|talk]]) to last revision by Riverbend21",
        "parsedcomment": "Reverted 1 edit by <a href=\"/wiki/Special:Contributions/165.228.39.158\" title=\"Special:Contributions/165.228.39.158\">165.228.39.158</a> (<a href=\"/wiki/User_talk:165.228.39.158\" title=\"User talk:165.228.39.158\">talk</a>) to last revision by Riverbend21"
      },
      {
        "type": "edit",
        "ns": 1,
        "title": "Talk:Cat",
        "pageid": 17673008,
        "revid": 1153927027,
        "old_revid": 1153844185,
        "user": "165.228.39.158",
        "anon": true,
        "bot": false,
        "new": false,
        "minor": false,
        "oldlen": 6279,
        "newlen": 6608,
        "timestamp": "2023-05-09T05:22:32Z",
        "comment": "/* Semi-protected edit request on 9 May 2023 */ new section",
        "parsedcomment": "<span dir=\"auto\"><span class=\"autocomment\"><a href=\"/wiki/Talk:Cat#Semi-protected_edit_request_on_9_May_2023\" title=\"Talk:Cat\">→‎Semi-protected edit request on 9 May 2023</a>: </span> new section</span>"
      },
      {
        "type": "edit",
        "ns": 1,
        "title": "Talk:Cat",
        "pageid": 17673008,
        "revid": 1153844185,
        "old_revid": 1153844135,
        "user": "Riverbend21",
        "anon": false,
        "bot": false,
        "new": false,
        "minor": true,
        "oldlen": 6395,
        "newlen": 6279,
        "timestamp": "2023-05-08T17:23:00Z",
        "comment": "Reverted edits by [[Special:Contributions/86.97.123.88|86.97.123.88]] ([[User talk:86.97.123.88|talk]]) ([[WP:AntiVandal|AV]])",
        "parsedcomment": "Reverted edits by <a href=\"/wiki/Special:Contributions/86.97.123.88\" title=\"Special:Contributions/86.97.123.88\">86.97.123.88</a> (<a href=\"/wiki/User_talk:86.97.123.88\" title=\"User talk:86.97.123.88\">talk</a>) (<a href=\"/wiki/Wikipedia:AntiVandal\" title=\"Wikipedia:AntiVandal\">AV</a>)"
      },
      {
        "type": "edit",
        "ns": 1,
        "title": "Talk:Cat",
        "pageid": 17673008,
        "revid": 1153844135,
        "old_revid": 1152176605,
        "user": "86.97.123.88",
        "anon": true,
        "bot": false,
        "new": false,
        "minor": false,
        "oldlen": 6279,
        "newlen": 6395,
        "timestamp": "2023-05-08T17:22:43Z",
        "comment": "",
        "parsedcomment": ""
      },
      {
        "type": "edit",
        "ns": 0,
        "title": "Cat",
        "pageid": 6678,
        "revid": 1153498499,
        "old_revid": 1152829349,
        "user": "Tamfang",
        "anon": false,
        "bot": false,
        "new": false,
        "minor": false,
        "oldlen": 151849,
        "newlen": 151827,
        "timestamp": "2023-05-06T19:35:24Z",
        "comment": "/* Interaction with humans */ respectively to what?",
        "parsedcomment": "<span dir=\"auto\"><span class=\"autocomment\"><a href=\"/wiki/Cat#Interaction_with_humans\" title=\"Cat\">→‎Interaction with humans</a>: </span> respectively to what?</span>"
      },
      {
        "type": "edit",
        "ns": 0,
        "title": "Cat",
        "pageid": 6678,
        "revid": 1152829349,
        "old_revid": 1152828618,
        "user": "Blaze Wolf",
        "anon": false,
        "bot": false,
        "new": false,
        "minor": true,
        "oldlen": 151877,
        "newlen": 151849,
        "timestamp": "2023-05-02T15:29:31Z",
        "comment": "Rollback edit(s) by [[Special:Contributions/UserAV666|UserAV666]] ([[User_talk:UserAV666|talk]]): non-constructive [[w:en:WP:RW|(RW 16.1)]]",
        "parsedcomment": "Rollback edit(s) by <a href=\"/wiki/Special:Contributions/UserAV666\" title=\"Special:Contributions/UserAV666\">UserAV666</a> (<a href=\"/wiki/User_talk:UserAV666\" title=\"User talk:UserAV666\">talk</a>): non-constructive <a href=\"/wiki/Wikipedia:RW\" class=\"mw-redirect\" title=\"Wikipedia:RW\">(RW 16.1)</a>"
      },
      {
        "type": "edit",
        "ns": 0,
        "title": "Cat",
        "pageid": 6678,
        "revid": 1152828618,
        "old_revid": 1150396468,
        "user": "UserAV666",
        "anon": false,
        "bot": false,
        "new": false,
        "minor": false,
        "oldlen": 151849,
        "newlen": 151877,
        "timestamp": "2023-05-02T15:23:52Z",
        "comment": "",
        "parsedcomment": ""
      }
    ]
  }
}
