{
  "batchcomplete": true,
  "query": {
    "watchlist": [
      {
        "type": "edit",
        "ns": 0,
        "title": "Canis familiaris",
        "pageid": 6081753,
        "revid": 151434574,
        "old_revid": 150789908,
        "user": "Danielyepezgarces",
        "anon": false,
        "bot": false,
        "new": false,
        "minor": true,
        "oldlen": 102684,
        "newlen": 102704,
        "timestamp": "2023-05-26T02:41:30Z",
        "comment": "Reemplazos con [[Usuario:Benjavalero/Replacer|Replacer]]: Siglo sin versalitas + mejoras cosméticas",
        "parsedcomment": "Reemplazos con <a href=\"/wiki/Usuario:Benjavalero/Replacer\" title=\"Usuario:Benjavalero/Replacer\">Replacer</a>: Siglo sin versalitas + mejoras cosméticas"
      },
      {
        "type": "edit",
        "ns": 1,
        "title": "Discusión:Canis familiaris",
        "pageid": 48499,
        "revid": 151392505,
        "old_revid": 151392420,
        "user": "Jcfidy",
        "anon": false,
        "bot": false,
        "new": false,
        "minor": true,
        "oldlen": 36610,
        "newlen": 35592,
        "timestamp": "2023-05-24T11:14:39Z",
        "comment": "Revertidos los cambios de [[Special:Contributions/212.145.210.222|212.145.210.222]] ([[User talk:212.145.210.222|disc.]]) a la última edición de Leoncastro",
        "parsedcomment": "Revertidos los cambios de <a href=\"/wiki/Especial:Contribuciones/212.145.210.222\" title=\"Especial:Contribuciones/212.145.210.222\">212.145.210.222</a> (<a href=\"/wiki/Usuario_discusi%C3%B3n:212.145.210.222\" title=\"Usuario discusión:212.145.210.222\">disc.</a>) a la última edición de Leoncastro"
      },
      {
        "type": "edit",
        "ns": 1,
        "title": "Discusión:Canis familiaris",
        "pageid": 48499,
        "revid": 151392420,
        "old_revid": 151304343,
        "user": "212.145.210.222",
        "anon": true,
        "bot": false,
        "new": false,
        "minor": false,
        "oldlen": 35592,
        "newlen": 36610,
        "timestamp": "2023-05-24T11:10:09Z",
        "comment": "/* Nombre */",
        "parsedcomment": "<span dir=\"auto\"><span class=\"autocomment\"><a href=\"/wiki/Discusi%C3%B3n:Canis_familiaris#Nombre\" title=\"Discusión:Canis familiaris\">→‎Nombre</a></span></span>"
      },
      {
        "type": "edit",
        "ns": 1,
        "title": "Discusión:Canis familiaris",
        "pageid": 48499,
        "revid": 151304343,
        "old_revid": 151303526,
        "user": "Leoncastro",
        "anon": false,
        "bot": false,
        "new": false,
        "minor": true,
        "oldlen": 35202,
        "newlen": 35592,
        "timestamp": "2023-05-21T18:12:54Z",
        "comment": "Revertidos los cambios de [[Special:Contributions/81.202.7.163|81.202.7.163]] ([[User talk:81.202.7.163|disc.]]) a la última edición de Leoncastro",
        "parsedcomment": "Revertidos los cambios de <a href=\"/wiki/Especial:Contribuciones/81.202.7.163\" title=\"Especial:Contribuciones/81.202.7.163\">81.202.7.163</a> (<a href=\"/w/index.php?title=Usuario_discusi%C3%B3n:81.202.7.163&amp;action=edit&amp;redlink=1\" class=\"new\" title=\"Usuario discusión:81.202.7.163 (aún no redactado)\">disc.</a>) a la última edición de Leoncastro"
      },
      {
        "type": "edit",
        "ns": 1,
        "title": "Discusión:Canis familiaris",
        "pageid": 48499,
        "revid": 151303526,
        "old_revid": 151256570,
        "user": "81.202.7.163",
        "anon": true,
        "bot": false,
        "new": false,
        "minor": false,
        "oldlen": 35592,
        "newlen": 35202,
        "timestamp": "2023-05-21T17:30:49Z",
        "comment": "/* Nombre */",
        "parsedcomment": "<span dir=\"auto\"><span class=\"autocomment\"><a href=\"/wiki/Discusi%C3%B3n:Canis_familiaris#Nombre\" title=\"Discusión:Canis familiaris\">→‎Nombre</a></span></span>"
      },
      {
        "type": "edit",
        "ns": 1,
        "title": "Discusión:Canis familiaris",
        "pageid": 48499,
        "revid": 151256570,
        "old_revid": 151256294,
        "user": "Leoncastro",
        "anon": false,
        "bot": false,
        "new": false,
        "minor": true,
        "oldlen": 34617,
        "newlen": 35592,
        "timestamp": "2023-05-19T13:45:17Z",
        "comment": "Revertidos los cambios de [[Special:Contributions/201.214.214.43|201.214.214.43]] ([[User talk:201.214.214.43|disc.]]) a la última edición de A.piquerasm",
        "parsedcomment": "Revertidos los cambios de <a href=\"/wiki/Especial:Contribuciones/201.214.214.43\" title=\"Especial:Contribuciones/201.214.214.43\">201.214.214.43</a> (<a href=\"/w/index.php?title=Usuario_discusi%C3%B3n:201.214.214.43&amp;action=edit&amp;redlink=1\" class=\"new\" title=\"Usuario discusión:201.214.214.43 (aún no redactado)\">disc.</a>) a la última edición de A.piquerasm"
      },
      {
        "type": "edit",
        "ns": 1,
        "title": "Discusión:Canis familiaris",
        "pageid": 48499,
        "revid": 151256294,
        "old_revid": 151256268,
        "user": "201.214.214.43",
        "anon": true,
        "bot": false,
        "new": false,
        "minor": false,
        "oldlen": 35592,
        "newlen": 34617,
        "timestamp": "2023-05-19T13:24:06Z",
        "comment": "/* Nombre */",
        "parsedcomment": "<span dir=\"auto\"><span class=\"autocomment\"><a href=\"/wiki/Discusi%C3%B3n:Canis_familiaris#Nombre\" title=\"Discusión:Canis familiaris\">→‎Nombre</a></span></span>"
      },
      {
        "type": "edit",
        "ns": 1,
        "title": "Discusión:Canis familiaris",
        "pageid": 48499,
        "revid": 151256268,
        "old_revid": 151256247,
        "user": "A.piquerasm",
        "anon": false,
        "bot": false,
        "new": false,
        "minor": false,
        "oldlen": 35634,
        "newlen": 35592,
        "timestamp": "2023-05-19T13:22:42Z",
        "comment": "Deshecha la [[Especial:Diff/151256247|edición 151256247]] de [[Especial:Contribuciones/201.214.214.43|201.214.214.43]] ([[Usuario Discusión:201.214.214.43|disc.]]) Desecho comentario vandálico.",
        "parsedcomment": "Deshecha la <a href=\"/wiki/Especial:Diferencia/151256247\" title=\"Especial:Diferencia/151256247\">edición 151256247</a> de <a href=\"/wiki/Especial:Contribuciones/201.214.214.43\" title=\"Especial:Contribuciones/201.214.214.43\">201.214.214.43</a> (<a href=\"/w/index.php?title=Usuario_discusi%C3%B3n:201.214.214.43&amp;action=edit&amp;redlink=1\" class=\"new\" title=\"Usuario discusión:201.214.214.43 (aún no redactado)\">disc.</a>) Desecho comentario vandálico."
      },
      {
        "type": "edit",
        "ns": 1,
        "title": "Discusión:Canis familiaris",
        "pageid": 48499,
        "revid": 151256247,
        "old_revid": 151212829,
        "user": "201.214.214.43",
        "anon": true,
        "bot": false,
        "new": false,
        "minor": false,
        "oldlen": 35592,
        "newlen": 35634,
        "timestamp": "2023-05-19T13:21:09Z",
        "comment": "/* Nombre */",
        "parsedcomment": "<span dir=\"auto\"><span class=\"autocomment\"><a href=\"/wiki/Discusi%C3%B3n:Canis_familiaris#Nombre\" title=\"Discusión:Canis familiaris\">→‎Nombre</a></span></span>"
      },
      {
        "type": "edit",
        "ns": 1,
        "title": "Discusión:Canis familiaris",
        "pageid": 48499,
        "revid": 151212829,
        "old_revid": 151212752,
        "user": "Linuxmanía",
        "anon": false,
        "bot": false,
        "new": false,
        "minor": true,
        "oldlen": 34046,
        "newlen": 35592,
        "timestamp": "2023-05-17T11:25:38Z",
        "comment": "Revertidos los cambios de [[Special:Contributions/212.145.210.222|212.145.210.222]] ([[User talk:212.145.210.222|disc.]]) a la última edición de Jcfidy",
        "parsedcomment": "Revertidos los cambios de <a href=\"/wiki/Especial:Contribuciones/212.145.210.222\" title=\"Especial:Contribuciones/212.145.210.222\">212.145.210.222</a> (<a href=\"/wiki/Usuario_discusi%C3%B3n:212.145.210.222\" title=\"Usuario discusión:212.145.210.222\">disc.</a>) a la última edición de Jcfidy"
      },
      {
        "type": "edit",
        "ns": 1,
        "title": "Discusión:Canis familiaris",
        "pageid": 48499,
        "revid": 151212752,
        "old_revid": 151212746,
        "user": "212.145.210.222",
        "anon": true,
        "bot": false,
        "new": false,
        "minor": false,
        "oldlen": 34555,
        "newlen": 34046,
        "timestamp": "2023-05-17T11:16:49Z",
        "comment": "/* Muy occidental */",
        "parsedcomment": "<span dir=\"auto\"><span class=\"autocomment\"><a href=\"/wiki/Discusi%C3%B3n:Canis_familiaris#Muy_occidental\" title=\"Discusión:Canis familiaris\">→‎Muy occidental</a></span></span>"
      },
      {
        "type": "edit",
        "ns": 1,
        "title": "Discusión:Canis familiaris",
        "pageid": 48499,
        "revid": 151212746,
        "old_revid": 151212738,
        "user": "212.145.210.222",
        "anon": true,
        "bot": false,
        "new": false,
        "minor": false,
        "oldlen": 34585,
        "newlen": 34555,
        "timestamp": "2023-05-17T11:15:41Z",
        "comment": "",
        "parsedcomment": ""
      },
      {
        "type": "edit",
        "ns": 1,
        "title": "Discusión:Canis familiaris",
        "pageid": 48499,
        "revid": 151212738,
        "old_revid": 150789695,
        "user": "212.145.210.222",
        "anon": true,
        "bot": false,
        "new": false,
        "minor": false,
        "oldlen": 35592,
        "newlen": 34585,
        "timestamp": "2023-05-17T11:14:23Z",
        "comment": "/* Nombre */",
        "parsedcomment": "<span dir=\"auto\"><span class=\"autocomment\"><a href=\"/wiki/Discusi%C3%B3n:Canis_familiaris#Nombre\" title=\"Discusión:Canis familiaris\">→‎Nombre</a></span></span>"
      }
    ]
  }
}
