{
  "batchcomplete": true,
  "query": {
    "watchlist": [
      {
        "type": "edit",
        "ns": 1,
        "title": "Talk:Q2",
        "pageid": 22380364,
        "revid": 1945048683,
        "old_revid": 1945042362,
        "user": "Michal000",
        "anon": false,
        "bot": false,
        "new": false,
        "minor": false,
        "oldlen": 11864,
        "newlen": 11978,
        "timestamp": "2023-08-02T15:26:35Z",
        "comment": "/* apoapsis is wrong */",
        "parsedcomment": "<span dir=\"auto\"><span class=\"autocomment\"><a href=\"/wiki/Talk:Q2#apoapsis_is_wrong\" title=\"Talk:Q2\">→‎apoapsis is wrong</a></span></span>"
      },
      {
        "type": "edit",
        "ns": 1,
        "title": "Talk:Q2",
        "pageid": 22380364,
        "revid": 1945042362,
        "old_revid": 1664005053,
        "user": "Michal000",
        "anon": false,
        "bot": false,
        "new": false,
        "minor": false,
        "oldlen": 11666,
        "newlen": 11864,
        "timestamp": "2023-08-02T15:15:17Z",
        "comment": "apoapsis change request",
        "parsedcomment": "apoapsis change request"
      },
      {
        "type": "edit",
        "ns": 0,
        "title": "Q146",
        "pageid": 282,
        "revid": 1944897457,
        "old_revid": 1944220262,
        "user": "Tbjornstad",
        "anon": false,
        "bot": false,
        "new": false,
        "minor": false,
        "oldlen": 191300,
        "newlen": 191295,
        "timestamp": "2023-08-02T11:09:32Z",
        "comment": "/* wbsetdescription-set:1|nb */ domestisert art i kattefamilien",
        "parsedcomment": "‎<span dir=\"auto\"><span class=\"autocomment\">Changed Norwegian Bokmål description: </span></span> domestisert art i kattefamilien"
      },
      {
        "type": "edit",
        "ns": 0,
        "title": "Q146",
        "pageid": 282,
        "revid": 1944220262,
        "old_revid": 1944219758,
        "user": "Tbjornstad",
        "anon": false,
        "bot": false,
        "new": false,
        "minor": false,
        "oldlen": 191271,
        "newlen": 191300,
        "timestamp": "2023-08-01T13:58:26Z",
        "comment": "/* wbsetdescription-set:1|nb */ domestisert villkatt i kattefamilien",
        "parsedcomment": "‎<span dir=\"auto\"><span class=\"autocomment\">Changed Norwegian Bokmål description: </span></span> domestisert villkatt i kattefamilien"
      },
      {
        "type": "edit",
        "ns": 0,
        "title": "Q146",
        "pageid": 282,
        "revid": 1944219758,
        "old_revid": 1944219754,
        "user": "Tbjornstad",
        "anon": false,
        "bot": false,
        "new": false,
        "minor": false,
        "oldlen": 191058,
        "newlen": 191271,
        "timestamp": "2023-08-01T13:57:36Z",
        "comment": "/* wbsetaliases-add:3|nb */ Felis lybica catus, Felis silvestris domesticus, huskatt",
        "parsedcomment": "‎<span dir=\"auto\"><span class=\"autocomment\">Added Norwegian Bokmål aliases: </span></span> Felis lybica catus, Felis silvestris domesticus, huskatt"
      },
      {
        "type": "edit",
        "ns": 0,
        "title": "Q146",
        "pageid": 282,
        "revid": 1944219754,
        "old_revid": 1944218978,
        "user": "Tbjornstad",
        "anon": false,
        "bot": false,
        "new": false,
        "minor": false,
        "oldlen": 191055,
        "newlen": 191058,
        "timestamp": "2023-08-01T13:57:36Z",
        "comment": "/* wbsetlabel-set:1|nb */ tamkatt",
        "parsedcomment": "‎<span dir=\"auto\"><span class=\"autocomment\">Changed Norwegian Bokmål label: </span></span> tamkatt"
      },
      {
        "type": "edit",
        "ns": 0,
        "title": "Q146",
        "pageid": 282,
        "revid": 1944218978,
        "old_revid": 1941938241,
        "user": "Tbjornstad",
        "anon": false,
        "bot": false,
        "new": false,
        "minor": false,
        "oldlen": 191489,
        "newlen": 191055,
        "timestamp": "2023-08-01T13:56:16Z",
        "comment": "/* wbsetaliases-remove:7|nb */ tamkatt, Felis silvestris catus, huskatt, pusekatt, kattepus, pus, Tamkatt",
        "parsedcomment": "‎<span dir=\"auto\"><span class=\"autocomment\">Removed Norwegian Bokmål aliases: </span></span> tamkatt, Felis silvestris catus, huskatt, pusekatt, kattepus, pus, Tamkatt"
      },
      {
        "type": "edit",
        "ns": 0,
        "title": "Q2",
        "pageid": 130,
        "revid": 1942548575,
        "old_revid": 1942547015,
        "user": "Vis M",
        "anon": false,
        "bot": false,
        "new": false,
        "minor": false,
        "oldlen": 639374,
        "newlen": 639437,
        "timestamp": "2023-07-29T21:35:28Z",
        "comment": "/* wbsetaliases-add:1|ml */ ഊഴി",
        "parsedcomment": "‎<span dir=\"auto\"><span class=\"autocomment\">Added Malayalam alias: </span></span> ഊഴി"
      },
      {
        "type": "edit",
        "ns": 0,
        "title": "Q2",
        "pageid": 130,
        "revid": 1942547015,
        "old_revid": 1942247692,
        "user": "Vis M",
        "anon": false,
        "bot": false,
        "new": false,
        "minor": false,
        "oldlen": 638951,
        "newlen": 639374,
        "timestamp": "2023-07-29T21:30:49Z",
        "comment": "/* wbsetaliases-add:6|ml */ പൃഥ്വി, പൃഥിവി, ഭൂഗോളം, അവനി, ധരണി, ക്ഷോണി",
        "parsedcomment": "‎<span dir=\"auto\"><span class=\"autocomment\">Added Malayalam aliases: </span></span> പൃഥ്വി, പൃഥിവി, ഭൂഗോളം, അവനി, ധരണി, ക്ഷോണി"
      },
      {
        "type": "edit",
        "ns": 0,
        "title": "Q2",
        "pageid": 130,
        "revid": 1942247692,
        "old_revid": 1941103799,
        "user": "Wikijb",
        "anon": false,
        "bot": false,
        "new": false,
        "minor": false,
        "oldlen": 638848,
        "newlen": 638951,
        "timestamp": "2023-07-29T08:23:39Z",
        "comment": "/* wbsetdescription-add:1|nan */ tē-saⁿ óa Tâi-iông ê kiâⁿ-cheⁿ",
        "parsedcomment": "‎<span dir=\"auto\"><span class=\"autocomment\">Added [nan] description: </span></span> tē-saⁿ óa Tâi-iông ê kiâⁿ-cheⁿ"
      },
      {
        "type": "edit",
        "ns": 0,
        "title": "Q146",
        "pageid": 282,
        "revid": 1941938241,
        "old_revid": 1938380319,
        "user": "Winecko",
        "anon": false,
        "bot": false,
        "new": false,
        "minor": false,
        "oldlen": 191367,
        "newlen": 191489,
        "timestamp": "2023-07-28T19:08:27Z",
        "comment": "/* wbsetdescription-add:1|rue */ доместікована форма мачкы дикой",
        "parsedcomment": "‎<span dir=\"auto\"><span class=\"autocomment\">Added [rue] description: </span></span> доместікована форма мачкы дикой"
      },
      {
        "type": "edit",
        "ns": 0,
        "title": "Q2",
        "pageid": 130,
        "revid": 1941103799,
        "old_revid": 1940956370,
        "user": "Harmonizator",
        "anon": false,
        "bot": false,
        "new": false,
        "minor": false,
        "oldlen": 639251,
        "newlen": 638848,
        "timestamp": "2023-07-26T23:29:25Z",
        "comment": "/* wbremoveclaims-remove:1| */ [[Property:P31]]: [[Q82794]]",
        "parsedcomment": "‎<span dir=\"auto\"><span class=\"autocomment\">Removed claim: </span></span> <a href=\"/wiki/Property:P31\" title=\"‎instance of‎ | ‎that class of which this subject is a particular example and member; different from P279 (subclass of); for example: K2 is an instance of mountain; volcano is a subclass of mountain (and an instance of volcanic landform)‎\"><span class=\"wb-itemlink\"><span class=\"wb-itemlink-label\" lang=\"en\" dir=\"ltr\">instance of</span> <span class=\"wb-itemlink-id\">(P31)</span></span></a>: <a href=\"/wiki/Q82794\" title=\"‎geographic region‎ | ‎2D or 3D defined space on something, mainly in terrestrial and astrophysics sciences‎\"><span class=\"wb-itemlink\"><span class=\"wb-itemlink-label\" lang=\"en\" dir=\"ltr\">geographic region</span> <span class=\"wb-itemlink-id\">(Q82794)</span></span></a>"
      },
      {
        "type": "edit",
        "ns": 0,
        "title": "Q2",
        "pageid": 130,
        "revid": 1940956370,
        "old_revid": 1939604744,
        "user": "Pyb en résidence",
        "anon": false,
        "bot": false,
        "new": false,
        "minor": false,
        "oldlen": 638468,
        "newlen": 639251,
        "timestamp": "2023-07-26T19:15:13Z",
        "comment": "/* wbsetclaim-create:2||1 */ [[Property:P1343]]: [[Q120799836]]",
        "parsedcomment": "‎<span dir=\"auto\"><span class=\"autocomment\">Created claim: </span></span> <a href=\"/wiki/Property:P1343\" title=\"‎described by source‎ | ‎work where this item is described‎\"><span class=\"wb-itemlink\"><span class=\"wb-itemlink-label\" lang=\"en\" dir=\"ltr\">described by source</span> <span class=\"wb-itemlink-id\">(P1343)</span></span></a>: <a href=\"/wiki/Q120799836\" title=\"‎Dictionary of Common Goods‎ | ‎2nd edition published in 2021‎\"><span class=\"wb-itemlink\"><span class=\"wb-itemlink-label\" lang=\"en\" dir=\"ltr\">Dictionary of Common Goods</span> <span class=\"wb-itemlink-id\">(Q120799836)</span></span></a>"
      },
      {
        "type": "edit",
        "ns": 0,
        "title": "Q2",
        "pageid": 130,
        "revid": 1939604744,
        "old_revid": 1937314168,
        "user": "P. S. F. Freitas",
        "anon": false,
        "bot": false,
        "new": false,
        "minor": false,
        "oldlen": 638468,
        "newlen": 638468,
        "timestamp": "2023-07-24T09:59:07Z",
        "comment": "/* clientsitelink-update:0|gnwiki|gnwiki:Yvy (Yvóra)|gnwiki:Yvy (yvóra) */",
        "parsedcomment": "‎<span dir=\"auto\"><span class=\"autocomment\">Page moved from [gnwiki:Yvy (Yvóra)] to [gnwiki:Yvy (yvóra)]</span></span>"
      },
      {
        "type": "edit",
        "ns": 0,
        "title": "Q146",
        "pageid": 282,
        "revid": 1938380319,
        "old_revid": 1936350632,
        "user": "Olea",
        "anon": false,
        "bot": false,
        "new": false,
        "minor": false,
        "oldlen": 189875,
        "newlen": 191367,
        "timestamp": "2023-07-21T17:39:19Z",
        "comment": "/* wbsetclaim-update:2||1|1 */ [[Property:P950]]: XX527377, Data from https://datos.gob.es/es/catalogo/ea0019768-registros-de-autoridad-de-materia-de-la-biblioteca-nacional-de-espana ([[:toollabs:editgroups/b/OR/b65806dfa28|details]])",
        "parsedcomment": "‎<span dir=\"auto\"><span class=\"autocomment\">Changed claim: </span></span> <a href=\"/wiki/Property:P950\" title=\"‎Biblioteca Nacional de España ID‎ | ‎identifier from the authority file of the Biblioteca Nacional de España. Format for persons: &quot;XX&quot; followed by 4 to 7 digits‎\"><span class=\"wb-itemlink\"><span class=\"wb-itemlink-label\" lang=\"en\" dir=\"ltr\">Biblioteca Nacional de España ID</span> <span class=\"wb-itemlink-id\">(P950)</span></span></a>: XX527377, Data from https://datos.gob.es/es/catalogo/ea0019768-registros-de-autoridad-de-materia-de-la-biblioteca-nacional-de-espana (<a href=\"https://iw.toolforge.org/editgroups/b/OR/b65806dfa28\" class=\"extiw\" title=\"toollabs:editgroups/b/OR/b65806dfa28\">details</a>)"
      },
      {
        "type": "edit",
        "ns": 0,
        "title": "Q144",
        "pageid": 280,
        "revid": 1938378845,
        "old_revid": 1935749564,
        "user": "Olea",
        "anon": false,
        "bot": false,
        "new": false,
        "minor": false,
        "oldlen": 183073,
        "newlen": 184541,
        "timestamp": "2023-07-21T17:36:47Z",
        "comment": "/* wbsetclaim-update:2||1|1 */ [[Property:P950]]: XX526239, Data from https://datos.gob.es/es/catalogo/ea0019768-registros-de-autoridad-de-materia-de-la-biblioteca-nacional-de-espana ([[:toollabs:editgroups/b/OR/b65806dfa28|details]])",
        "parsedcomment": "‎<span dir=\"auto\"><span class=\"autocomment\">Changed claim: </span></span> <a href=\"/wiki/Property:P950\" title=\"‎Biblioteca Nacional de España ID‎ | ‎identifier from the authority file of the Biblioteca Nacional de España. Format for persons: &quot;XX&quot; followed by 4 to 7 digits‎\"><span class=\"wb-itemlink\"><span class=\"wb-itemlink-label\" lang=\"en\" dir=\"ltr\">Biblioteca Nacional de España ID</span> <span class=\"wb-itemlink-id\">(P950)</span></span></a>: XX526239, Data from https://datos.gob.es/es/catalogo/ea0019768-registros-de-autoridad-de-materia-de-la-biblioteca-nacional-de-espana (<a href=\"https://iw.toolforge.org/editgroups/b/OR/b65806dfa28\" class=\"extiw\" title=\"toollabs:editgroups/b/OR/b65806dfa28\">details</a>)"
      },
      {
        "type": "edit",
        "ns": 0,
        "title": "Q2",
        "pageid": 130,
        "revid": 1937314168,
        "old_revid": 1934464992,
        "user": "Буквы",
        "anon": false,
        "bot": false,
        "new": false,
        "minor": false,
        "oldlen": 637253,
        "newlen": 638468,
        "timestamp": "2023-07-19T14:42:31Z",
        "comment": "/* wbsetclaim-create:2||1 */ [[Property:P2888]]: https://www.newworldencyclopedia.org/entry/Earth",
        "parsedcomment": "‎<span dir=\"auto\"><span class=\"autocomment\">Created claim: </span></span> <a href=\"/wiki/Property:P2888\" title=\"‎exact match‎ | ‎URL used to link two items or properties, indicating a high degree of confidence that the concepts can be used interchangeably‎\"><span class=\"wb-itemlink\"><span class=\"wb-itemlink-label\" lang=\"en\" dir=\"ltr\">exact match</span> <span class=\"wb-itemlink-id\">(P2888)</span></span></a>: https://www.newworldencyclopedia.org/entry/Earth"
      },
      {
        "type": "edit",
        "ns": 0,
        "title": "Q146",
        "pageid": 282,
        "revid": 1936350632,
        "old_revid": 1936350611,
        "user": "JAn Dudík",
        "anon": false,
        "bot": false,
        "new": false,
        "minor": false,
        "oldlen": 189507,
        "newlen": 189875,
        "timestamp": "2023-07-17T19:43:35Z",
        "comment": "/* wbsetqualifier-add:1| */ [[Property:P805]]: [[Q84670122]], #quickstatements; #temporary_batch_1689621297524",
        "parsedcomment": "‎<span dir=\"auto\"><span class=\"autocomment\">Added qualifier: </span></span> <a href=\"/wiki/Property:P805\" title=\"‎statement is subject of‎ | ‎(qualifying) item that describes the relation identified in this statement‎\"><span class=\"wb-itemlink\"><span class=\"wb-itemlink-label\" lang=\"en\" dir=\"ltr\">statement is subject of</span> <span class=\"wb-itemlink-id\">(P805)</span></span></a>: <a href=\"/wiki/Q84670122\" title=\"‎1911 Encyclopædia Britannica/Cat‎ | ‎encyclopedia article‎\"><span class=\"wb-itemlink\"><span class=\"wb-itemlink-label\" lang=\"en\" dir=\"ltr\">1911 Encyclopædia Britannica/Cat</span> <span class=\"wb-itemlink-id\">(Q84670122)</span></span></a>, #quickstatements; #temporary_batch_1689621297524"
      },
      {
        "type": "edit",
        "ns": 0,
        "title": "Q146",
        "pageid": 282,
        "revid": 1936350611,
        "old_revid": 1930692037,
        "user": "JAn Dudík",
        "anon": false,
        "bot": false,
        "new": false,
        "minor": false,
        "oldlen": 189098,
        "newlen": 189507,
        "timestamp": "2023-07-17T19:43:33Z",
        "comment": "/* wbcreateclaim-create:1| */ [[Property:P1343]]: [[Q867541]], #quickstatements; #temporary_batch_1689621297524",
        "parsedcomment": "‎<span dir=\"auto\"><span class=\"autocomment\">Created claim: </span></span> <a href=\"/wiki/Property:P1343\" title=\"‎described by source‎ | ‎work where this item is described‎\"><span class=\"wb-itemlink\"><span class=\"wb-itemlink-label\" lang=\"en\" dir=\"ltr\">described by source</span> <span class=\"wb-itemlink-id\">(P1343)</span></span></a>: <a href=\"/wiki/Q867541\" title=\"‎Encyclopædia Britannica 11th edition‎ | ‎11th edition of Encyclopædia Britannica‎\"><span class=\"wb-itemlink\"><span class=\"wb-itemlink-label\" lang=\"en\" dir=\"ltr\">Encyclopædia Britannica 11th edition</span> <span class=\"wb-itemlink-id\">(Q867541)</span></span></a>, #quickstatements; #temporary_batch_1689621297524"
      },
      {
        "type": "edit",
        "ns": 0,
        "title": "Q144",
        "pageid": 280,
        "revid": 1935749564,
        "old_revid": 1935749552,
        "user": "JAn Dudík",
        "anon": false,
        "bot": false,
        "new": false,
        "minor": false,
        "oldlen": 182705,
        "newlen": 183073,
        "timestamp": "2023-07-16T19:27:08Z",
        "comment": "/* wbsetqualifier-add:1| */ [[Property:P805]]: [[Q84651087]], #quickstatements; #temporary_batch_1689438147645",
        "parsedcomment": "‎<span dir=\"auto\"><span class=\"autocomment\">Added qualifier: </span></span> <a href=\"/wiki/Property:P805\" title=\"‎statement is subject of‎ | ‎(qualifying) item that describes the relation identified in this statement‎\"><span class=\"wb-itemlink\"><span class=\"wb-itemlink-label\" lang=\"en\" dir=\"ltr\">statement is subject of</span> <span class=\"wb-itemlink-id\">(P805)</span></span></a>: <a href=\"/wiki/Q84651087\" title=\"‎1911 Encyclopædia Britannica/Dog‎ | ‎encyclopedia article‎\"><span class=\"wb-itemlink\"><span class=\"wb-itemlink-label\" lang=\"en\" dir=\"ltr\">1911 Encyclopædia Britannica/Dog</span> <span class=\"wb-itemlink-id\">(Q84651087)</span></span></a>, #quickstatements; #temporary_batch_1689438147645"
      },
      {
        "type": "edit",
        "ns": 0,
        "title": "Q144",
        "pageid": 280,
        "revid": 1935749552,
        "old_revid": 1933571734,
        "user": "JAn Dudík",
        "anon": false,
        "bot": false,
        "new": false,
        "minor": false,
        "oldlen": 182295,
        "newlen": 182705,
        "timestamp": "2023-07-16T19:27:06Z",
        "comment": "/* wbcreateclaim-create:1| */ [[Property:P1343]]: [[Q867541]], #quickstatements; #temporary_batch_1689438147645",
        "parsedcomment": "‎<span dir=\"auto\"><span class=\"autocomment\">Created claim: </span></span> <a href=\"/wiki/Property:P1343\" title=\"‎described by source‎ | ‎work where this item is described‎\"><span class=\"wb-itemlink\"><span class=\"wb-itemlink-label\" lang=\"en\" dir=\"ltr\">described by source</span> <span class=\"wb-itemlink-id\">(P1343)</span></span></a>: <a href=\"/wiki/Q867541\" title=\"‎Encyclopædia Britannica 11th edition‎ | ‎11th edition of Encyclopædia Britannica‎\"><span class=\"wb-itemlink\"><span class=\"wb-itemlink-label\" lang=\"en\" dir=\"ltr\">Encyclopædia Britannica 11th edition</span> <span class=\"wb-itemlink-id\">(Q867541)</span></span></a>, #quickstatements; #temporary_batch_1689438147645"
      },
      {
        "type": "edit",
        "ns": 0,
        "title": "Q2",
        "pageid": 130,
        "revid": 1934464992,
        "old_revid": 1933615797,
        "user": "Adakaibe",
        "anon": false,
        "bot": false,
        "new": false,
        "minor": false,
        "oldlen": 637132,
        "newlen": 637253,
        "timestamp": "2023-07-14T15:25:48Z",
        "comment": "/* wbsetdescription-add:1|ig */ mbara ala nke atọ sitere na anyanwụ na Sistemụ Anyanwụ",
        "parsedcomment": "‎<span dir=\"auto\"><span class=\"autocomment\">Added [ig] description: </span></span> mbara ala nke atọ sitere na anyanwụ na Sistemụ Anyanwụ"
      },
      {
        "type": "edit",
        "ns": 0,
        "title": "Q2",
        "pageid": 130,
        "revid": 1933615797,
        "old_revid": 1928312527,
        "user": "VIGNERON",
        "anon": false,
        "bot": false,
        "new": false,
        "minor": false,
        "oldlen": 637136,
        "newlen": 637132,
        "timestamp": "2023-07-12T18:15:30Z",
        "comment": "/* wbsetclaim-update:2||1|2 */ [[Property:P1549]]: zemljanin",
        "parsedcomment": "‎<span dir=\"auto\"><span class=\"autocomment\">Changed claim: </span></span> <a href=\"/wiki/Property:P1549\" title=\"‎demonym‎ | ‎demonym (proper noun) for people or things associated with a given place, usually based off the placename; multiple entries with qualifiers to distinguish are used to list variant forms by reason of grammatical gender or plurality.‎\"><span class=\"wb-itemlink\"><span class=\"wb-itemlink-label\" lang=\"en\" dir=\"ltr\">demonym</span> <span class=\"wb-itemlink-id\">(P1549)</span></span></a>: zemljanin"
      },
      {
        "type": "edit",
        "ns": 0,
        "title": "Q144",
        "pageid": 280,
        "revid": 1933571734,
        "old_revid": 1933570920,
        "user": "Mtanti",
        "anon": false,
        "bot": false,
        "new": false,
        "minor": false,
        "oldlen": 181938,
        "newlen": 182295,
        "timestamp": "2023-07-12T16:00:50Z",
        "comment": "/* wbsetclaim-create:2||1 */ [[Property:P225]]: Canis lupus familiaris",
        "parsedcomment": "‎<span dir=\"auto\"><span class=\"autocomment\">Created claim: </span></span> <a href=\"/wiki/Property:P225\" title=\"‎taxon name‎ | ‎correct scientific name of a taxon (according to the reference given)‎\"><span class=\"wb-itemlink\"><span class=\"wb-itemlink-label\" lang=\"en\" dir=\"ltr\">taxon name</span> <span class=\"wb-itemlink-id\">(P225)</span></span></a>: Canis lupus familiaris"
      },
      {
        "type": "edit",
        "ns": 0,
        "title": "Q144",
        "pageid": 280,
        "revid": 1933570920,
        "old_revid": 1933570567,
        "user": "Mtanti",
        "anon": false,
        "bot": false,
        "new": false,
        "minor": false,
        "oldlen": 181517,
        "newlen": 181938,
        "timestamp": "2023-07-12T15:57:44Z",
        "comment": "/* wbcreateclaim-create:1| */ [[Property:P105]]: [[Q7432]], [Edited with Recoin] (Wikidata:Recoin)",
        "parsedcomment": "‎<span dir=\"auto\"><span class=\"autocomment\">Created claim: </span></span> <a href=\"/wiki/Property:P105\" title=\"‎taxon rank‎ | ‎level in a taxonomic hierarchy‎\"><span class=\"wb-itemlink\"><span class=\"wb-itemlink-label\" lang=\"en\" dir=\"ltr\">taxon rank</span> <span class=\"wb-itemlink-id\">(P105)</span></span></a>: <a href=\"/wiki/Q7432\" title=\"‎species‎ | ‎one of the basic units of biological classification and a taxonomic rank‎\"><span class=\"wb-itemlink\"><span class=\"wb-itemlink-label\" lang=\"en\" dir=\"ltr\">species</span> <span class=\"wb-itemlink-id\">(Q7432)</span></span></a>, [Edited with Recoin] (Wikidata:Recoin)"
      },
      {
        "type": "edit",
        "ns": 0,
        "title": "Q144",
        "pageid": 280,
        "revid": 1933570567,
        "old_revid": 1930417614,
        "user": "Mtanti",
        "anon": false,
        "bot": false,
        "new": false,
        "minor": false,
        "oldlen": 181092,
        "newlen": 181517,
        "timestamp": "2023-07-12T15:56:21Z",
        "comment": "/* wbcreateclaim-create:1| */ [[Property:P171]]: [[Q149892]], [Edited with Recoin] (Wikidata:Recoin)",
        "parsedcomment": "‎<span dir=\"auto\"><span class=\"autocomment\">Created claim: </span></span> <a href=\"/wiki/Property:P171\" title=\"‎parent taxon‎ | ‎closest parent taxon of the taxon in question‎\"><span class=\"wb-itemlink\"><span class=\"wb-itemlink-label\" lang=\"en\" dir=\"ltr\">parent taxon</span> <span class=\"wb-itemlink-id\">(P171)</span></span></a>: <a href=\"/wiki/Q149892\" title=\"‎Canis‎ | ‎genus of mammals, including domestic dogs‎\"><span class=\"wb-itemlink\"><span class=\"wb-itemlink-label\" lang=\"en\" dir=\"ltr\">Canis</span> <span class=\"wb-itemlink-id\">(Q149892)</span></span></a>, [Edited with Recoin] (Wikidata:Recoin)"
      },
      {
        "type": "edit",
        "ns": 0,
        "title": "Q146",
        "pageid": 282,
        "revid": 1930692037,
        "old_revid": 1929452958,
        "user": "Infovarius",
        "anon": false,
        "bot": false,
        "new": false,
        "minor": false,
        "oldlen": 189011,
        "newlen": 189098,
        "timestamp": "2023-07-07T17:14:36Z",
        "comment": "/* wbsetsitelink-add:1|acewiki */ Mië",
        "parsedcomment": "‎<span dir=\"auto\"><span class=\"autocomment\">Added link to [acewiki]: </span></span> Mië"
      },
      {
        "type": "edit",
        "ns": 0,
        "title": "Q144",
        "pageid": 280,
        "revid": 1930417614,
        "old_revid": 1927139234,
        "user": "Vis M",
        "anon": false,
        "bot": false,
        "new": false,
        "minor": false,
        "oldlen": 181020,
        "newlen": 181092,
        "timestamp": "2023-07-07T05:15:54Z",
        "comment": "/* wbsetaliases-add:1|ml */ ശ്വാവ്",
        "parsedcomment": "‎<span dir=\"auto\"><span class=\"autocomment\">Added Malayalam alias: </span></span> ശ്വാവ്"
      }
    ]
  }
}
