{
    "zh": [
        {
            "languageVariantCode": "zh-Hans",
            "languageName": "简体",
            "localName": "Simplified Chinese",
            "languageCode": "zh"
        },
        {
            "languageVariantCode": "zh-Hant-HK",
            "languageName": "香港繁體",
            "localName": "Traditional Chinese (Hong Kong)",
            "languageCode": "zh"
        },
        {
            "languageVariantCode": "zh-Hant-MO",
            "languageName": "澳門繁體",
            "localName": "Traditional Chinese (Macao)",
            "languageCode": "zh"
        },
        {
            "languageVariantCode": "zh-Hans-MY",
            "languageName": "大马简体",
            "localName": "Simplified Chinese (Malaysia)",
            "languageCode": "zh"
        },
        {
            "languageVariantCode": "zh-Hans-SG",
            "languageName": "新加坡简体",
            "localName": "Simplified Chinese (Singapore)",
            "languageCode": "zh"
        },
        {
            "languageVariantCode": "zh-Hant-TW",
            "languageName": "臺灣正體",
            "localName": "Traditional Chinese (Taiwan)",
            "languageCode": "zh"
        }
    ],
    "sr": [
        {
            "languageVariantCode": "sr-Cyrl",
            "languageName": "српски",
            "localName": "Serbian (Cyrillic)",
            "languageCode": "sr"
        },
        {
            "languageVariantCode": "sr-Latn",
            "languageName": "srpski",
            "localName": "Serbian (Latin)",
            "languageCode": "sr"
        }
    ],
    "crh": [
        {
            "languageVariantCode": "crh-Latn",
            "languageName": "Qırımtatarca",
            "localName": "Crimean Tatar (Latin)",
            "languageCode": "crh"
        },
        {
            "languageVariantCode": "crh-Cyrl",
            "languageName": "къырымтатарджа",
            "localName": "Crimean Tatar (Cyrillic)",
            "languageCode": "crh"
        }
    ],
    "gan": [
        {
            "languageVariantCode": "gan-Hans",
            "languageName": "赣语",
            "localName": "Gan (Simplified)",
            "languageCode": "gan"
        },
        {
            "languageVariantCode": "gan-Hant",
            "languageName": "贛語",
            "localName": "Gan (Traditional)",
            "languageCode": "gan"
        }
    ],
    "iu": [
        {
            "languageVariantCode": "ike-Latn",
            "languageName": "Inuktitut",
            "localName": "Inuktitut (Latin)",
            "languageCode": "iu"
        },
        {
            "languageVariantCode": "ike-Cans",
            "languageName": "ᐃᓄᒃᑎᑐᑦ",
            "localName": "Inuktitut (Syllabics)",
            "languageCode": "iu"
        }
    ],
    "kk": [
        {
            "languageVariantCode": "kk-Cyrl",
            "languageName": "Қазақша",
            "localName": "Kazakh (Cyrillic)",
            "languageCode": "kk"
        },
        {
            "languageVariantCode": "kk-Latn",
            "languageName": "qazaqşa",
            "localName": "Kazakh (Latin)",
            "languageCode": "kk"
        },
        {
            "languageVariantCode": "kk-Arab",
            "languageName": "توتە",
            "localName": "Kazakh (Arabic)",
            "languageCode": "kk"
        }
    ],
    "ku": [
        {
            "languageVariantCode": "ku-Latn",
            "languageName": "Kurdî",
            "localName": "Kurdish (Latin)",
            "languageCode": "ku"
        },
        {
            "languageVariantCode": "ku-Arab",
            "languageName": "كوردی",
            "localName": "Kurdish (Arabic)",
            "languageCode": "ku"
        }
    ],
    "shi": [
        {
            "languageVariantCode": "shi-Latn",
            "languageName": "Taclḥit",
            "localName": "Tachelhit (Latin)",
            "languageCode": "shi"
        },
        {
            "languageVariantCode": "shi-Tfng",
            "languageName": "ⵜⴰⵛⵍⵃⵉⵜ ",
            "localName": "Tachelhit (Tifinagh)",
            "languageCode": "shi"

        },
    ],
    "tg": [
        {
            "languageVariantCode": "tg-Cyrl",
            "languageName": "тоҷикӣ",
            "localName": "Tajik (Cyrillic)",
            "languageCode": "tg"
        },
        {
            "languageVariantCode": "tg-Latn",
            "languageName": "tojikī",
            "localName": "Tajik (Latin)",
            "languageCode": "tg"
        }
    ],
    "uz": [
        {
            "languageVariantCode": "uz-Cyrl",
            "languageName": "ўзбекча",
            "localName": "Uzbek (Cyrillic)",
            "languageCode": "uz"
        },
        {
            "languageVariantCode": "uz-Latn",
            "languageName": "oʻzbekcha",
            "localName": "Uzbek (Latin)",
            "languageCode": "uz"
        }
    ]
}
