{"extCodeMirrorConfig":{"pluginModules":["ext.CodeMirror.addons"],"tagModes":{"ref":"text/mediawiki","references":"text/mediawiki","pre":"mw-tag-pre","nowiki":"mw-tag-nowiki"},"tags":{"pre":true,"nowiki":true,"gallery":true,"indicator":true,"langconvert":true,"graph":true,"timeline":true,"hiero":true,"source":true,"syntaxhighlight":true,"score":true,"templatestyles":true,"templatedata":true,"charinsert":true,"ref":true,"references":true,"inputbox":true,"imagemap":true,"poem":true,"categorytree":true,"section":true,"math":true,"ce":true,"chem":true,"maplink":true,"mapframe":true,"phonos":true},"doubleUnderscore":[{"__notoc__":"notoc","__nogallery__":"nogallery","__forcetoc__":"forcetoc","__toc__":"toc","__noeditsection__":"noeditsection","__notitleconvert__":"notitleconvert","__notc__":"notitleconvert","__nocontentconvert__":"nocontentconvert","__nocc__":"nocontentconvert","__archivedtalk__":
"archivedtalk","__notalk__":"notalk"},{"__NEWSECTIONLINK__":"newsectionlink","__NONEWSECTIONLINK__":"nonewsectionlink","__HIDDENCAT__":"hiddencat","__EXPECTUNUSEDCATEGORY__":"expectunusedcategory","__INDEX__":"index","__NOINDEX__":"noindex","__STATICREDIRECT__":"staticredirect","__NOGLOBAL__":"noglobal","__DISAMBIG__":"disambiguation","__EXPECTED_UNCONNECTED_PAGE__":"expectedUnconnectedPage"}],"functionSynonyms":[{"ns":"ns","nse":"nse","urlencode":"urlencode","lcfirst":"lcfirst","ucfirst":"ucfirst","lc":"lc","uc":"uc","localurl":"localurl","localurle":"localurle","fullurl":"fullurl","fullurle":"fullurle","canonicalurl":"canonicalurl","canonicalurle":"canonicalurle","formatnum":"formatnum","pilinaʻōlelo":"grammar","pilinaōlelo":"grammar","pilinaolelo":"grammar","grammar":"grammar","keka":"gender","gender":"gender","plural":"plural","bidi":"bidi","#ʻōlelo":"language","#ōlelo":"language","#olelo":"language","#language":"language","padleft":"padleft","padright":"padright",
"anchorencode":"anchorencode","alawaihona":"filepath","filepath":"filepath","idʻaoʻao":"pageid","idaoao":"pageid","pageid":"pageid","int":"int","#kūikawā":"special","#special":"special","#speciale":"speciale","#tag":"tag","#formatdate":"formatdate","#dateformat":"formatdate","#target":"target","#babela":"babel","#babel":"babel","#coordinates":"coordinates","#invoke":"invoke","#related":"related","#if":"if","#ifeq":"ifeq","#switch":"switch","#ifexist":"ifexist","#ifexpr":"ifexpr","#iferror":"iferror","#time":"time","#timel":"timel","#expr":"expr","#rel2abs":"rel2abs","#titleparts":"titleparts","#categorytree":"categorytree","#lst":"lst","#section":"lst","#lstx":"lstx","#section-x":"lstx","#lsth":"lsth","#section-h":"lsth","noexternallanglinks":"noexternallanglinks","#property":"property","#statements":"statements","#commaseparatedlist":"commaSeparatedList","#mentor":"mentor","articlepath":"articlepath","kikowaenapūnaewele":"server","kikowaenapunaewele":"server","server":"server",
"inoakikowaenapūnaewele":"servername","inoakikowaenapunaewele":"servername","servername":"servername","scriptpath":"scriptpath","stylepath":"stylepath","numberofwikis":"numberofwikis","wbreponame":"wbreponame"},{"NUMBERINGROUP":"numberingroup","NUMINGROUP":"numberingroup","DEFAULTSORT":"defaultsort","DEFAULTSORTKEY":"defaultsort","DEFAULTCATEGORYSORT":"defaultsort","PAGESINCATEGORY":"pagesincategory","PAGESINCAT":"pagesincategory","PAGESIZE":"pagesize","PROTECTIONLEVEL":"protectionlevel","PROTECTIONEXPIRY":"protectionexpiry","INOAʻAOʻAO":"pagename","INOAAOAO":"pagename","PAGENAME":"pagename","PAGENAMEE":"pagenamee","FULLPAGENAME":"fullpagename","FULLPAGENAMEE":"fullpagenamee","SUBPAGENAME":"subpagename","SUBPAGENAMEE":"subpagenamee","ROOTPAGENAME":"rootpagename","ROOTPAGENAMEE":"rootpagenamee","BASEPAGENAME":"basepagename","BASEPAGENAMEE":"basepagenamee","TALKPAGENAME":"talkpagename","TALKPAGENAMEE":"talkpagenamee","SUBJECTPAGENAME":"subjectpagename","ARTICLEPAGENAME":
"subjectpagename","SUBJECTPAGENAMEE":"subjectpagenamee","ARTICLEPAGENAMEE":"subjectpagenamee","REVISIONID":"revisionid","REVISIONDAY":"revisionday","REVISIONDAY2":"revisionday2","REVISIONMONTH":"revisionmonth","REVISIONMONTH1":"revisionmonth1","REVISIONYEAR":"revisionyear","REVISIONTIMESTAMP":"revisiontimestamp","REVISIONUSER":"revisionuser","CASCADINGSOURCES":"cascadingsources","LEWAINOA":"namespace","NAMESPACE":"namespace","NAMESPACEE":"namespacee","HELULEWAINOA":"namespacenumber","NAMESPACENUMBER":"namespacenumber","TALKSPACE":"talkspace","TALKSPACEE":"talkspacee","SUBJECTSPACE":"subjectspace","ARTICLESPACE":"subjectspace","SUBJECTSPACEE":"subjectspacee","ARTICLESPACEE":"subjectspacee","HELUMEA":"numberofarticles","NUMBEROFARTICLES":"numberofarticles","HELUWAIHONA":"numberoffiles","NUMBEROFFILES":"numberoffiles","HELUMEAHOʻOHANA":"numberofusers","HELUMEAHOOHANA":"numberofusers","NUMBEROFUSERS":"numberofusers","HELUMEAHOʻOHANANEI":"numberofactiveusers","HELUMEAHOOHANANEI":
"numberofactiveusers","NUMBEROFACTIVEUSERS":"numberofactiveusers","HELUʻAOʻAO":"numberofpages","HELUAOAO":"numberofpages","NUMBEROFPAGES":"numberofpages","HELUKAHU":"numberofadmins","NUMBEROFADMINS":"numberofadmins","HELULOLI":"numberofedits","NUMBEROFEDITS":"numberofedits","DISPLAYTITLE":"displaytitle","!":"!","=":"=","KĒIAMAHINA":"currentmonth","KEIAMAHINA":"currentmonth","CURRENTMONTH":"currentmonth","CURRENTMONTH2":"currentmonth","CURRENTMONTH1":"currentmonth1","KĒIAINOAMAHINA":"currentmonthname","KEIAINOAMAHINA":"currentmonthname","CURRENTMONTHNAME":"currentmonthname","CURRENTMONTHNAMEGEN":"currentmonthnamegen","CURRENTMONTHABBREV":"currentmonthabbrev","KĒIALĀ":"currentday","KEIALA":"currentday","CURRENTDAY":"currentday","KĒIALĀ2":"currentday2","KEIALA2":"currentday2","CURRENTDAY2":"currentday2","KĒIAINOALĀ":"currentdayname","KEIAINOALA":"currentdayname","CURRENTDAYNAME":"currentdayname","KĒIAMAKAHIKI":"currentyear","KEIAMAKAHIKI":"currentyear","CURRENTYEAR":
"currentyear","KĒIAMANAWA":"currenttime","KEIAMANAWA":"currenttime","CURRENTTIME":"currenttime","KĒIAHOLA":"currenthour","KEIAHOLA":"currenthour","CURRENTHOUR":"currenthour","LOCALMONTH":"localmonth","LOCALMONTH2":"localmonth","LOCALMONTH1":"localmonth1","LOCALMONTHNAME":"localmonthname","LOCALMONTHNAMEGEN":"localmonthnamegen","LOCALMONTHABBREV":"localmonthabbrev","LOCALDAY":"localday","LOCALDAY2":"localday2","LOCALDAYNAME":"localdayname","LOCALYEAR":"localyear","LOCALTIME":"localtime","LOCALHOUR":"localhour","INOAKAHUA":"sitename","SITENAME":"sitename","KĒIAPULE":"currentweek","KEIAPULE":"currentweek","CURRENTWEEK":"currentweek","CURRENTDOW":"currentdow","LOCALWEEK":"localweek","LOCALDOW":"localdow","REVISIONSIZE":"revisionsize","CURRENTVERSION":"currentversion","CURRENTTIMESTAMP":"currenttimestamp","LOCALTIMESTAMP":"localtimestamp","DIRECTIONMARK":"directionmark","DIRMARK":"directionmark","CONTENTLANGUAGE":"contentlanguage","CONTENTLANG":"contentlanguage","PAGELANGUAGE":
"pagelanguage"}],"urlProtocols":"bitcoin\\:|ftp\\:\\/\\/|ftps\\:\\/\\/|geo\\:|git\\:\\/\\/|gopher\\:\\/\\/|http\\:\\/\\/|https\\:\\/\\/|irc\\:\\/\\/|ircs\\:\\/\\/|magnet\\:|mailto\\:|matrix\\:|mms\\:\\/\\/|news\\:|nntp\\:\\/\\/|redis\\:\\/\\/|sftp\\:\\/\\/|sip\\:|sips\\:|sms\\:|ssh\\:\\/\\/|svn\\:\\/\\/|tel\\:|telnet\\:\\/\\/|urn\\:|worldwind\\:\\/\\/|xmpp\\:|\\/\\/","linkTrailCharacters":"/^([a-z]+)(.*)$/sD"}}