{"extCodeMirrorConfig":{"pluginModules":["ext.CodeMirror.addons"],"tagModes":{"ref":"text/mediawiki","references":"text/mediawiki","pre":"mw-tag-pre","nowiki":"mw-tag-nowiki"},"tags":{"pre":true,"nowiki":true,"gallery":true,"indicator":true,"langconvert":true,"graph":true,"timeline":true,"hiero":true,"source":true,"syntaxhighlight":true,"score":true,"templatestyles":true,"templatedata":true,"charinsert":true,"ref":true,"references":true,"inputbox":true,"imagemap":true,"poem":true,"categorytree":true,"section":true,"math":true,"ce":true,"chem":true,"maplink":true,"mapframe":true},"doubleUnderscore":[{"__ni__":"notoc","__neindekso__":"notoc","__nt__":"notoc","__notoc__":"notoc","__ng__":"nogallery","__senbildaro__":"nogallery","__sb__":"nogallery","__sg__":"nogallery","__sengalerio__":"nogallery","__nogallery__":"nogallery","__fi__":"forcetoc","__fortuindekson__":"forcetoc","__ft__":"forcetoc"
,"__forcetoc__":"forcetoc","__i__":"toc","__t__":"toc","__indekso__":"toc","__toc__":"toc","__srs__":"noeditsection","__nes__":"noeditsection","__senredaktisekciojn__":"noeditsection","__senredaktisekcion__":"noeditsection","__noeditsection__":"noeditsection","__nekonvertutitolon__":"notitleconvert","__nkt__":"notitleconvert","__ntc__":"notitleconvert","__notitleconvert__":"notitleconvert","__notc__":"notitleconvert","__nekonvertuenhavon__":"nocontentconvert","__nkh__":"nocontentconvert","__ncc__":"nocontentconvert","__nocontentconvert__":"nocontentconvert","__nocc__":"nocontentconvert","__archivedtalk__":"archivedtalk","__notalk__":"notalk"},{"__LIGILOALNOVASEKCIO__":"newsectionlink","__NSL__":"newsectionlink","__LNS__":"newsectionlink","__LANS__":"newsectionlink","__NEWSECTIONLINK__":"newsectionlink","__SENLIGILOALNOVASEKCIO__":"nonewsectionlink","__NNSL__":"nonewsectionlink","__SLNS__":"nonewsectionlink","__SLANS__":"nonewsectionlink","__NONEWSECTIONLINK__":"nonewsectionlink",
"__KK__":"hiddencat","__KAŜITAKATEGORIO__":"hiddencat","__KASXITAKATEGORIO__":"hiddencat","__HIDDENCAT__":"hiddencat","__EXPECTUNUSEDCATEGORY__":"expectunusedcategory","__INDEKSU__":"index","__INDEKSI__":"index","__INDEX__":"index","__NEINDEKSU__":"noindex","__NIU__":"noindex","__NOINDEX__":"noindex","__STATIKAALIDIREKTO__":"staticredirect","__STATICREDIRECT__":"staticredirect","__NOGLOBAL__":"noglobal","__DISAMBIG__":"disambiguation","__EXPECTED_UNCONNECTED_PAGE__":"expectedUnconnectedPage"}],"functionSynonyms":[{"ns":"ns","nss":"nse","nso":"nse","nse":"nse","urlencode":"urlencode","malmajuskleunua":"lcfirst","minuskleunua":"lcfirst","mmu":"lcfirst","lcfirst":"lcfirst","majuskleunua":"ucfirst","malminuskleunua":"ucfirst","mu":"ucfirst","ucfirst":"ucfirst","malmajuskle":"lc","minuskle":"lc","lc":"lc","majuskle":"uc","malminuskle":"uc","uc":"uc","lokattt":"localurl","localurl":"localurl","lokatttt":"localurle","localurle":"localurle","plenaligilo":"fullurl","plenlig":"fullurl",
"tutattt":"fullurl","fullurl":"fullurl","plenaligiloo":"fullurle","plenligg":"fullurle","tutatttt":"fullurle","fullurle":"fullurle","canonicalurl":"canonicalurl","canonicalurle":"canonicalurle","formatnum":"formatnum","gramatiko":"grammar","grammar":"grammar","sekso":"gender","gender":"gender","plurala":"plural","plural":"plural","bidi":"bidi","#lingvo":"language","#language":"language","padleft":"padleft","padright":"padright","anchorencode":"anchorencode","dosiero-voro":"filepath","dosiervojo":"filepath","filepath":"filepath","identigilodepaĝo":"pageid","paĝid":"pageid","pageid":"pageid","ene":"int","int":"int","#speciala":"special","#special":"special","#speciale":"speciale","#marko":"tag","#etikedo":"tag","#tag":"tag","#formatdate":"formatdate","#dateformat":"formatdate","#target":"target","#babelo":"babel","#babel":"babel","#coordinates":"coordinates","#invoke":"invoke","#related":"related","#se":"if","#if":"if","#seekv":"ifeq","#seekvacio":"ifeq","#seeglas":"ifeq",
"#laŭsamvalorade":"ifeq","#lauxsamvalorade":"ifeq","#ifeq":"ifeq","#ŝaltu":"switch","#ŝalti":"switch","#sxaltu":"switch","#sxalti":"switch","#ŝalte":"switch","#sxalte":"switch","#switch":"switch","#seekzistas":"ifexist","#laŭasignade":"ifexist","#lauxasignade":"ifexist","#ifexist":"ifexist","#seespr":"ifexpr","#seeksprimo":"ifexpr","#seesprimo":"ifexpr","#laŭevaluade":"ifexpr","#ifexpr":"ifexpr","#seeraras":"iferror","#laŭerarade":"iferror","#lauxerarade":"iferror","#iferror":"iferror","#tempo":"time","#datformu":"time","#time":"time","#tempoo":"timel","#lokaĵdatdonu":"timel","#lokajxdatdonu":"timel","#timel":"timel","#espr":"expr","#esprimo":"expr","#esprime":"expr","#expr":"expr","#absolutvojdonu":"rel2abs","#malrelativige":"rel2abs","#rel2abs":"rel2abs","#titolpartdonu":"titleparts","#titleparts":"titleparts","#kategoriarbo":"categorytree","#categorytree":"categorytree","#lst":"lst","#section":"lst","#lstx":"lstx","#section-x":"lstx","#lsth":"lsth","#section-h":"lsth",
"neniuligiloalalialingvo":"noexternallanglinks","noexternallanglinks":"noexternallanglinks","#eco":"property","#property":"property","#statements":"statements","#commaseparatedlist":"commaSeparatedList","#mentor":"mentor","artikolapado":"articlepath","artikolavojo":"articlepath","articlepath":"articlepath","servilo":"server","server":"server","nomodeservilo":"servername","servilanomo":"servername","servilonomo":"servername","servername":"servername","skripto-vojo":"scriptpath","skriptovojo":"scriptpath","skriptvojo":"scriptpath","scriptpath":"scriptpath","stilo-vojo":"stylepath","stilovojo":"stylepath","stilvojo":"stylepath","stylepath":"stylepath","numberofwikis":"numberofwikis","wbreponame":"wbreponame"},{"NUMBERINGROUP":"numberingroup","NUMINGROUP":"numberingroup","DEFAŬLTORDIGO":"defaultsort","DEFAUXLTORDIGO":"defaultsort","DEFAULTSORT":"defaultsort","DEFAULTSORTKEY":"defaultsort","DEFAULTCATEGORYSORT":"defaultsort","PAĜOJENKATEGORIO":"pagesincategory","PAGXOJENKATEGORIO":
"pagesincategory","PAĜOJENKAT":"pagesincategory","PAGXOJENKAT":"pagesincategory","PAGESINCATEGORY":"pagesincategory","PAGESINCAT":"pagesincategory","PAĜOPEZO":"pagesize","PAGXOPEZO":"pagesize","PEZODEPAĜO":"pagesize","PEZODEPAGXO":"pagesize","PAGESIZE":"pagesize","PROTEKTONIVELO":"protectionlevel","PROTECTIONLEVEL":"protectionlevel","PROTECTIONEXPIRY":"protectionexpiry","PAĜONOMO":"pagename","PAGXONOMO":"pagename","PAĜNOMO":"pagename","PAGXNOMO":"pagename","PAGENAME":"pagename","PAĜONOMOO":"pagenamee","PAGXONOMOO":"pagenamee","PAĜNOMOO":"pagenamee","PAGXNOMOO":"pagenamee","PAGENAMEE":"pagenamee","TUTAPAĜONOMO":"fullpagename","TUTAPAGXONOMO":"fullpagename","TUTAPAĜNOMO":"fullpagename","TUTAPAGXNOMO":"fullpagename","FULLPAGENAME":"fullpagename","TUTAPAĜONOMOO":"fullpagenamee","TUTAPAGXONOMOO":"fullpagenamee","TUTAPAĜNOMOO":"fullpagenamee","TUTAPAGXNOMOO":"fullpagenamee","FULLPAGENAMEE":"fullpagenamee","SUBPAĜONOMO":"subpagename","SUBPAGXONOMO":"subpagename","SUBPAĜNOMO":
"subpagename","SUBPAGXNOMO":"subpagename","SUBPAGENAME":"subpagename","SUBPAĜONOMOO":"subpagenamee","SUBPAGXONOMOO":"subpagenamee","SUBPAĜNOMOO":"subpagenamee","SUBPAGXNOMOO":"subpagenamee","SUBPAGENAMEE":"subpagenamee","ROOTPAGENAME":"rootpagename","ROOTPAGENAMEE":"rootpagenamee","PATRAPAĜONOMO":"basepagename","PATRAPAGXONOMO":"basepagename","PATRAPAĜNOMO":"basepagename","PATRAPAGXNOMO":"basepagename","BASEPAGENAME":"basepagename","PATRAPAĜONOMOO":"basepagenamee","PATRAPAGXONOMOO":"basepagenamee","PATRAPAĜNOMOO":"basepagenamee","PATRAPAGXNOMOO":"basepagenamee","BASEPAGENAMEE":"basepagenamee","DISKUTPAĜONOMO":"talkpagename","DISKUTPAGXONOMO":"talkpagename","DISKUTPAĜNOMO":"talkpagename","DISKUTPAGXNOMO":"talkpagename","TALKPAGENAME":"talkpagename","DISKUTPAĜONOMOO":"talkpagenamee","DISKUTPAGXONOMOO":"talkpagenamee","DISKUTPAĜNOMOO":"talkpagenamee","DISKUTPAGXNOMOO":"talkpagenamee","TALKPAGENAMEE":"talkpagenamee","SUBJECTPAGENAME":"subjectpagename","ARTICLEPAGENAME":
"subjectpagename","SUBJECTPAGENAMEE":"subjectpagenamee","ARTICLEPAGENAMEE":"subjectpagenamee","REVISIONID":"revisionid","REVISIONDAY":"revisionday","REVISIONDAY2":"revisionday2","REVISIONMONTH":"revisionmonth","REVISIONMONTH1":"revisionmonth1","JARODEREVIZIO":"revisionyear","REVISIONYEAR":"revisionyear","REVISIONTIMESTAMP":"revisiontimestamp","REVISIONUSER":"revisionuser","CASCADINGSOURCES":"cascadingsources","NOMSPACO":"namespace","NAMESPACE":"namespace","NOMSPACOO":"namespacee","NAMESPACEE":"namespacee","NUMERODENOMSPACO":"namespacenumber","NOMSPACNUMERO":"namespacenumber","NAMESPACENUMBER":"namespacenumber","DISKUTNOMSPACO":"talkspace","TALKSPACE":"talkspace","DISKUTNOMSPACOO":"talkspacee","TALKSPACEE":"talkspacee","SUBJECTSPACE":"subjectspace","ARTICLESPACE":"subjectspace","SUBJECTSPACEE":"subjectspacee","ARTICLESPACEE":"subjectspacee","NOMBRODEARTIKOLOJ":"numberofarticles","NUMBEROFARTICLES":"numberofarticles","NOMBRODEDOSIEROJ":"numberoffiles","NUMBEROFFILES":"numberoffiles",
"NOMBRODEUZANTOJ":"numberofusers","NUMBEROFUSERS":"numberofusers","NOMBRODEAKTIVAJUZANTOJ":"numberofactiveusers","NUMBEROFACTIVEUSERS":"numberofactiveusers","NOMBRODEPAĜOJ":"numberofpages","NOMBRODEPAGXOJ":"numberofpages","NUMBEROFPAGES":"numberofpages","NOMBRODEADMINOJ":"numberofadmins","NUMBEROFADMINS":"numberofadmins","NOMBRODEREDAKTOJ":"numberofedits","NUMBEROFEDITS":"numberofedits","MONTRUTITOLON":"displaytitle","DISPLAYTITLE":"displaytitle","!":"!","=":"=","NUNAMONATO":"currentmonth","NUNAMONATO2":"currentmonth","CURRENTMONTH":"currentmonth","CURRENTMONTH2":"currentmonth","NUNAMONATO1":"currentmonth1","CURRENTMONTH1":"currentmonth1","NUNAMONATNOMO":"currentmonthname","NUNAMONATONOMO":"currentmonthname","NUNAMONATANOMO":"currentmonthname","CURRENTMONTHNAME":"currentmonthname","NUNAMONATNOMOGEN":"currentmonthnamegen","NUNAMONATONOMOGEN":"currentmonthnamegen","NUNAMONATANOMOGEN":"currentmonthnamegen","CURRENTMONTHNAMEGEN":"currentmonthnamegen","NUNAMONATNOMOMAL":
"currentmonthabbrev","NUNAMONATONOMOMAL":"currentmonthabbrev","NUNAMONATANOMOMAL":"currentmonthabbrev","CURRENTMONTHABBREV":"currentmonthabbrev","NUNATAGO":"currentday","CURRENTDAY":"currentday","NUNATAGO2":"currentday2","CURRENTDAY2":"currentday2","NUNATAGNOMO":"currentdayname","CURRENTDAYNAME":"currentdayname","NUNAJARO":"currentyear","CURRENTYEAR":"currentyear","NUNATEMPO":"currenttime","CURRENTTIME":"currenttime","NUNAHORO":"currenthour","CURRENTHOUR":"currenthour","LOKAMONATO":"localmonth","LOKAMONATO2":"localmonth","LOCALMONTH":"localmonth","LOCALMONTH2":"localmonth","LOKAMONATO1":"localmonth1","LOCALMONTH1":"localmonth1","LOKAMONATNOMO":"localmonthname","LOKAMONATONOMO":"localmonthname","LOKAMONATANOMO":"localmonthname","LOCALMONTHNAME":"localmonthname","LOKAMONATNOMOGEN":"localmonthnamegen","LOKAMONATONOMOGEN":"localmonthnamegen","LOKAMONATANOMOGEN":"localmonthnamegen","LOCALMONTHNAMEGEN":"localmonthnamegen","LOKAMONATNOMOMAL":"localmonthabbrev","LOKAMONATONOMOMAL":
"localmonthabbrev","LOKAMONATANOMOMAL":"localmonthabbrev","LOCALMONTHABBREV":"localmonthabbrev","LOKATAGO":"localday","LOCALDAY":"localday","LOKATAGO2":"localday2","LOCALDAY2":"localday2","LOKATAGNOMO":"localdayname","LOKATAGONOMO":"localdayname","LOKATAGANOMO":"localdayname","LOCALDAYNAME":"localdayname","LOKAJARO":"localyear","LOCALYEAR":"localyear","LOKATEMPO":"localtime","LOCALTIME":"localtime","LOKAHORO":"localhour","LOCALHOUR":"localhour","TTT-NOMO":"sitename","RETPAĜNOMO":"sitename","RETPAGXNOMO":"sitename","RETEJNOMO":"sitename","SITENAME":"sitename","NUNASEMAJNO":"currentweek","CURRENTWEEK":"currentweek","CURRENTDOW":"currentdow","LOKASEMAJNO":"localweek","LOCALWEEK":"localweek","LOCALDOW":"localdow","REVISIONSIZE":"revisionsize","NUNAVERSIO":"currentversion","CURRENTVERSION":"currentversion","NUNATEMPINDIKO":"currenttimestamp","CURRENTTIMESTAMP":"currenttimestamp","LOKATEMPINDIKO":"localtimestamp","LOCALTIMESTAMP":"localtimestamp","DIRECTIONMARK":"directionmark","DIRMARK":
"directionmark","ENHAVA-LINGVO":"contentlanguage","CONTENTLANGUAGE":"contentlanguage","CONTENTLANG":"contentlanguage","PAGELANGUAGE":"pagelanguage"}],"urlProtocols":"bitcoin\\:|ftp\\:\\/\\/|ftps\\:\\/\\/|geo\\:|git\\:\\/\\/|gopher\\:\\/\\/|http\\:\\/\\/|https\\:\\/\\/|irc\\:\\/\\/|ircs\\:\\/\\/|magnet\\:|mailto\\:|matrix\\:|mms\\:\\/\\/|news\\:|nntp\\:\\/\\/|redis\\:\\/\\/|sftp\\:\\/\\/|sip\\:|sips\\:|sms\\:|ssh\\:\\/\\/|svn\\:\\/\\/|tel\\:|telnet\\:\\/\\/|urn\\:|worldwind\\:\\/\\/|xmpp\\:|\\/\\/","linkTrailCharacters":"/^([a-z]+)(.*)$/sD"}}