{"extCodeMirrorConfig":{"pluginModules":["ext.CodeMirror.addons"],"tagModes":{"ref":"text/mediawiki","references":"text/mediawiki","pre":"mw-tag-pre","nowiki":"mw-tag-nowiki"},"tags":{"pre":true,"nowiki":true,"gallery":true,"indicator":true,"langconvert":true,"graph":true,"timeline":true,"hiero":true,"source":true,"syntaxhighlight":true,"score":true,"templatestyles":true,"templatedata":true,"charinsert":true,"ref":true,"references":true,"inputbox":true,"imagemap":true,"poem":true,"categorytree":true,"section":true,"math":true,"ce":true,"chem":true,"maplink":true,"mapframe":true},"doubleUnderscore":[{"__فہرست_نہیں__":"notoc","__نافہرست__":"notoc","__notoc__":"notoc","__نگارخانہ_نہیں__":"nogallery","__nogallery__":"nogallery","__بافہرست__":"forcetoc","__forcetoc__":"forcetoc","__فہرست__":"toc","__toc__":"toc","__ناترمیم_قطعہ__":"noeditsection"
,"__noeditsection__":"noeditsection","__منتقلی_عنوان_نہیں__":"notitleconvert","__notitleconvert__":"notitleconvert","__notc__":"notitleconvert","__منتقلی_مواد_نہیں__":"nocontentconvert","__nocontentconvert__":"nocontentconvert","__nocc__":"nocontentconvert","__archivedtalk__":"archivedtalk","__notalk__":"notalk"},{"__ربط_نیا_قطعہ__":"newsectionlink","__NEWSECTIONLINK__":"newsectionlink","__ربط_نیا_قطعہ_نہیں__":"nonewsectionlink","__NONEWSECTIONLINK__":"nonewsectionlink","__پوشیدہ_زمرہ__":"hiddencat","__HIDDENCAT__":"hiddencat","__EXPECTUNUSEDCATEGORY__":"expectunusedcategory","__اشاریہ__":"index","__INDEX__":"index","__اشاریہ_نہیں__":"noindex","__NOINDEX__":"noindex","__ساکن_رجوع_مکرر__":"staticredirect","__STATICREDIRECT__":"staticredirect","__NOGLOBAL__":"noglobal","__DISAMBIG__":"disambiguation","__EXPECTED_UNCONNECTED_PAGE__":"expectedUnconnectedPage"}],"functionSynonyms":[{"نف":"ns","ns":
"ns","نفک":"nse","nse":"nse","ربط_کوڈ":"urlencode","urlencode":"urlencode","چھوٹے_حروف_سے_شروع":"lcfirst","lcfirst":"lcfirst","بڑے_حروف_سے_شروع":"ucfirst","ucfirst":"ucfirst","چھوٹے_حروف":"lc","lc":"lc","بڑے_حروف":"uc","uc":"uc","مقامی_ربط":"localurl","localurl":"localurl","مقامی_ربط_کوڈ":"localurle","localurle":"localurle","مکمل_ربط":"fullurl","fullurl":"fullurl","مکمل_ربط_کوڈ":"fullurle","fullurle":"fullurle","معیاری_ربط":"canonicalurl","canonicalurl":"canonicalurl","معیاری_ربط_کوڈ":"canonicalurle","canonicalurle":"canonicalurle","صیغہ_عدد":"formatnum","formatnum":"formatnum","قواعد":"grammar","grammar":"grammar","صنف":"gender","gender":"gender","جمع":"plural","plural":"plural","بی_ڈی":"bidi","bidi":"bidi","#زبان":"language","#language":"language","بائیں_جوڑیں":"padleft","padleft":"padleft","دائیں_جوڑیں":"padright","padright":
"padright","اینکر_کوڈ":"anchorencode","anchorencode":"anchorencode","راہ_فائل":"filepath","filepath":"filepath","شناخت_صفحہ":"pageid","pageid":"pageid","عالمی":"int","int":"int","#خاص":"special","#special":"special","#خاص_کوڈ":"speciale","#speciale":"speciale","#ٹیگ":"tag","#tag":"tag","#صیغہ_تاریخ":"formatdate","#formatdate":"formatdate","#dateformat":"formatdate","#ہدف":"target","#target":"target","#بابل":"babel","#babel":"babel","#متناسقات":"coordinates","#coordinates":"coordinates","#استدعا":"invoke","#invoke":"invoke","#related":"related","#اگر":"if","#if":"if","#اگربرابر":"ifeq","#ifeq":"ifeq","#منتقل":"switch","#switch":"switch","#اگرموجود":"ifexist","#ifexist":"ifexist","#اگراظہار":"ifexpr","#ifexpr":"ifexpr","#اگرنقص":"iferror","#iferror":"iferror","#وقت":"time","#time":"time","#وقت_لمبائی":"timel","#timel":"timel","#اظہار":"expr","#expr":"expr",
"#اضافی_تا_مطلق":"rel2abs","#rel2abs":"rel2abs","#اجزاء_عنوان":"titleparts","#titleparts":"titleparts","#شجرہ_زمرہ":"categorytree","#شجر_زمرہ":"categorytree","#categorytree":"categorytree","#lst":"lst","#section":"lst","#lstx":"lstx","#section-x":"lstx","#lsth":"lsth","#section-h":"lsth","بیرونی_زبان_کے_روابط_نہیں":"noexternallanglinks","noexternallanglinks":"noexternallanglinks","#خاصیت":"property","#property":"property","#بیانات":"statements","#statements":"statements","#commaseparatedlist":"commaSeparatedList","#mentor":"mentor","راہ_مضمون":"articlepath","articlepath":"articlepath","سرور":"server","server":"server","نام_سرور":"servername","servername":"servername","راہ_اسکرپٹ":"scriptpath","scriptpath":"scriptpath","راہ_طرز":"stylepath","stylepath":"stylepath","ویکیوں_کی_تعداد":"numberofwikis","numberofwikis":"numberofwikis","ویب_مخزن_کا_نام":"wbreponame",
"wbreponame":"wbreponame"},{"تعداد_در_گروہ":"numberingroup","NUMBERINGROUP":"numberingroup","NUMINGROUP":"numberingroup","ابتدائی_ترتیب":"defaultsort","کلید_ابتدائی_ترتیب":"defaultsort","ابتدائی_ترتیب_زمرہ":"defaultsort","DEFAULTSORT":"defaultsort","DEFAULTSORTKEY":"defaultsort","DEFAULTCATEGORYSORT":"defaultsort","زمرے_میں_صفحات":"pagesincategory","PAGESINCATEGORY":"pagesincategory","PAGESINCAT":"pagesincategory","حجم_صفحہ":"pagesize","PAGESIZE":"pagesize","درجہ_حفاظت":"protectionlevel","PROTECTIONLEVEL":"protectionlevel","اختتام_حفاظت":"protectionexpiry","PROTECTIONEXPIRY":"protectionexpiry","نام_صفحہ":"pagename","PAGENAME":"pagename","نام_صفحہ_کوڈ":"pagenamee","PAGENAMEE":"pagenamee","صفحہ_کا_مکمل_نام":"fullpagename","مکمل_نام":"fullpagename","FULLPAGENAME":"fullpagename","مکمل_نام_کوڈ":"fullpagenamee","FULLPAGENAMEE":"fullpagenamee",
"نام_ذیلی_صفحہ":"subpagename","SUBPAGENAME":"subpagename","ذیلی_صفحہ_کوڈ":"subpagenamee","SUBPAGENAMEE":"subpagenamee","نام_اصل_صفحہ":"rootpagename","ROOTPAGENAME":"rootpagename","اصل_صفحہ_کوڈ":"rootpagenamee","ROOTPAGENAMEE":"rootpagenamee","نام_بنیادی_صفحہ":"basepagename","BASEPAGENAME":"basepagename","بنیادی_صفحہ_کوڈ":"basepagenamee","BASEPAGENAMEE":"basepagenamee","نام_تبادلہ_خیال_صفحہ":"talkpagename","TALKPAGENAME":"talkpagename","تبادلہ_خیال_صفحہ_کوڈ":"talkpagenamee","TALKPAGENAMEE":"talkpagenamee","نام_صفحہ_مضمون":"subjectpagename","SUBJECTPAGENAME":"subjectpagename","ARTICLEPAGENAME":"subjectpagename","نام_صفحہ_مضمون_کوڈ":"subjectpagenamee","SUBJECTPAGENAMEE":"subjectpagenamee","ARTICLEPAGENAMEE":"subjectpagenamee","شناخت_نسخہ":"revisionid","REVISIONID":"revisionid","یوم_نسخہ":"revisionday","REVISIONDAY":"revisionday",
"یوم_نسخہ2":"revisionday2","REVISIONDAY2":"revisionday2","ماہ_نسخہ":"revisionmonth","REVISIONMONTH":"revisionmonth","ماہ_نسخہ1":"revisionmonth1","REVISIONMONTH1":"revisionmonth1","سال_نسخہ":"revisionyear","REVISIONYEAR":"revisionyear","مہر_وقت_نسخہ":"revisiontimestamp","REVISIONTIMESTAMP":"revisiontimestamp","صارف_نسخہ":"revisionuser","REVISIONUSER":"revisionuser","آبشاری_مآخذ":"cascadingsources","CASCADINGSOURCES":"cascadingsources","نام_فضا":"namespace","NAMESPACE":"namespace","نام_فضا_کوڈ":"namespacee","NAMESPACEE":"namespacee","نام_فضا_کا_عدد":"namespacenumber","NAMESPACENUMBER":"namespacenumber","تبادلہ_خیال_نام_فضا":"talkspace","TALKSPACE":"talkspace","تبادلہ_خیال_کوڈ":"talkspacee","TALKSPACEE":"talkspacee","مضمون_نام_فضا":"subjectspace","SUBJECTSPACE":"subjectspace","ARTICLESPACE":"subjectspace","مضمون_نام_فضا_کوڈ":"subjectspacee",
"SUBJECTSPACEE":"subjectspacee","ARTICLESPACEE":"subjectspacee","تعداد_مضامین":"numberofarticles","NUMBEROFARTICLES":"numberofarticles","تعداد_فائل":"numberoffiles","NUMBEROFFILES":"numberoffiles","تعداد_صارفین":"numberofusers","NUMBEROFUSERS":"numberofusers","تعداد_فعال_صارفین":"numberofactiveusers","NUMBEROFACTIVEUSERS":"numberofactiveusers","تعداد_صفحات":"numberofpages","NUMBEROFPAGES":"numberofpages","تعداد_منتظمین":"numberofadmins","NUMBEROFADMINS":"numberofadmins","تعداد_ترامیم":"numberofedits","NUMBEROFEDITS":"numberofedits","نمائش_عنوان":"displaytitle","DISPLAYTITLE":"displaytitle","!":"!","=":"=","موجودہ_مہینہ":"currentmonth","موجودہ_مہینہ2":"currentmonth","CURRENTMONTH":"currentmonth","CURRENTMONTH2":"currentmonth","موجودہ_مہینہ1":"currentmonth1","CURRENTMONTH1":"currentmonth1","موجودہ_مہینہ_کا_نام":"currentmonthname","CURRENTMONTHNAME":
"currentmonthname","موجودہ_مہینہ_کا_نام_اضافت":"currentmonthnamegen","CURRENTMONTHNAMEGEN":"currentmonthnamegen","موجودہ_مہینہ_کا_اختصار":"currentmonthabbrev","CURRENTMONTHABBREV":"currentmonthabbrev","موجودہ_دن":"currentday","CURRENTDAY":"currentday","موجودہ_دن2":"currentday2","CURRENTDAY2":"currentday2","موجودہ_دن_کا_نام":"currentdayname","CURRENTDAYNAME":"currentdayname","موجودہ_سال":"currentyear","CURRENTYEAR":"currentyear","موجودہ_وقت":"currenttime","CURRENTTIME":"currenttime","موجودہ_گھنٹہ":"currenthour","CURRENTHOUR":"currenthour","مقامی_مہینہ":"localmonth","مقامی_مہینہ2":"localmonth","LOCALMONTH":"localmonth","LOCALMONTH2":"localmonth","مقامی_مہینہ1":"localmonth1","LOCALMONTH1":"localmonth1","مقامی_مہینہ_کا_نام":"localmonthname","LOCALMONTHNAME":"localmonthname","مقامی_مہینہ_کا_نام_اضافت":"localmonthnamegen",
"LOCALMONTHNAMEGEN":"localmonthnamegen","مقامی_مہینہ_کا_اختصار":"localmonthabbrev","LOCALMONTHABBREV":"localmonthabbrev","مقامی_دن":"localday","LOCALDAY":"localday","مقامی_دن2":"localday2","LOCALDAY2":"localday2","مقامی_دن_کا_نام":"localdayname","LOCALDAYNAME":"localdayname","مقامی_سال":"localyear","LOCALYEAR":"localyear","مقامی_وقت":"localtime","LOCALTIME":"localtime","مقامی_گھنٹہ":"localhour","LOCALHOUR":"localhour","سائٹ_نام":"sitename","نام_سائٹ":"sitename","نام_موقع":"sitename","SITENAME":"sitename","موجودہ_ہفتہ":"currentweek","CURRENTWEEK":"currentweek","ہفتہ_کا_دن":"currentdow","CURRENTDOW":"currentdow","مقامی_ہفتہ":"localweek","LOCALWEEK":"localweek","مقامی_ہفتہ_کا_دن":"localdow","LOCALDOW":"localdow","حجم_نسخہ":"revisionsize","REVISIONSIZE":"revisionsize","موجودہ_نسخہ":"currentversion","CURRENTVERSION":"currentversion",
"موجودہ_مہر_وقت":"currenttimestamp","CURRENTTIMESTAMP":"currenttimestamp","مقامی_مہر_وقت":"localtimestamp","LOCALTIMESTAMP":"localtimestamp","علامت_جہت":"directionmark","DIRECTIONMARK":"directionmark","DIRMARK":"directionmark","مواد_کی_زبان":"contentlanguage","CONTENTLANGUAGE":"contentlanguage","CONTENTLANG":"contentlanguage","PAGELANGUAGE":"pagelanguage"}],"urlProtocols":"bitcoin\\:|ftp\\:\\/\\/|ftps\\:\\/\\/|geo\\:|git\\:\\/\\/|gopher\\:\\/\\/|http\\:\\/\\/|https\\:\\/\\/|irc\\:\\/\\/|ircs\\:\\/\\/|magnet\\:|mailto\\:|matrix\\:|mms\\:\\/\\/|news\\:|nntp\\:\\/\\/|redis\\:\\/\\/|sftp\\:\\/\\/|sip\\:|sips\\:|sms\\:|ssh\\:\\/\\/|svn\\:\\/\\/|tel\\:|telnet\\:\\/\\/|urn\\:|worldwind\\:\\/\\/|xmpp\\:|\\/\\/","linkTrailCharacters":"/^([ابپتٹثجچحخدڈذر​ڑ​زژسشصضطظعغفقکگل​م​نںوؤہھیئےآأءۃ]+)(.*)$/sDu"}}