{"extCodeMirrorConfig":{"pluginModules":["ext.CodeMirror.addons"],"tagModes":{"ref":"text/mediawiki","references":"text/mediawiki","pre":"mw-tag-pre","nowiki":"mw-tag-nowiki"},"tags":{"pre":true,"nowiki":true,"gallery":true,"indicator":true,"langconvert":true,"graph":true,"timeline":true,"hiero":true,"source":true,"syntaxhighlight":true,"score":true,"templatestyles":true,"templatedata":true,"charinsert":true,"ref":true,"references":true,"inputbox":true,"imagemap":true,"poem":true,"categorytree":true,"section":true,"math":true,"ce":true,"chem":true,"maplink":true,"mapframe":true},"doubleUnderscore":[{"__bezspisu__":"notoc","__notoc__":"notoc","__bezgalerii__":"nogallery","__nogallery__":"nogallery","__zespisem__":"forcetoc","__wymuśspis__":"forcetoc","__forcetoc__":"forcetoc","__spis__":"toc","__toc__":"toc","__bezedycjisekcji__":"noeditsection","__noeditsection__":"noeditsection",
"__notitleconvert__":"notitleconvert","__notc__":"notitleconvert","__nocontentconvert__":"nocontentconvert","__nocc__":"nocontentconvert","__archiwalnadyskusja__":"archivedtalk","__archivedtalk__":"archivedtalk","__niedyskusja__":"notalk","__notalk__":"notalk"},{"__LINKNOWEJSEKCJI__":"newsectionlink","__NEWSECTIONLINK__":"newsectionlink","__NONEWSECTIONLINK__":"nonewsectionlink","__KATEGORIAUKRYTA__":"hiddencat","__HIDDENCAT__":"hiddencat","__EXPECTUNUSEDCATEGORY__":"expectunusedcategory","__INDEKSUJ__":"index","__INDEX__":"index","__NIEINDEKSUJ__":"noindex","__NOINDEX__":"noindex","__STATICREDIRECT__":"staticredirect","__NOGLOBAL__":"noglobal","__DISAMBIG__":"disambiguation","__EXPECTED_UNCONNECTED_PAGE__":"expectedUnconnectedPage"}],"functionSynonyms":[{"pn":"ns","ns":"ns","nse":"nse","urlencode":"urlencode","zmałej":"lcfirst","odmałej":"lcfirst","lcfirst":"lcfirst","zwielkiej":"ucfirst","zdużej":"ucfirst","odwielkiej":"ucfirst","oddużej":"ucfirst","ucfirst":"ucfirst","małe":
"lc","lc":"lc","wielkie":"uc","duże":"uc","uc":"uc","localurl":"localurl","localurle":"localurle","pełnyurl":"fullurl","fullurl":"fullurl","fullurle":"fullurle","canonicalurl":"canonicalurl","canonicalurle":"canonicalurle","formatnum":"formatnum","odmiana":"grammar","grammar":"grammar","płeć":"gender","gender":"gender","mnoga":"plural","plural":"plural","bidi":"bidi","#język":"language","#language":"language","dolewej":"padleft","padleft":"padleft","doprawej":"padright","padright":"padright","anchorencode":"anchorencode","ścieżkapliku":"filepath","filepath":"filepath","pageid":"pageid","int":"int","#specjalna":"special","#special":"special","#speciale":"speciale","#tag":"tag","#formatdate":"formatdate","#dateformat":"formatdate","#target":"target","#babel":"babel","#coordinates":"coordinates","#invoke":"invoke","#related":"related","#if":"if","#ifeq":"ifeq","#switch":"switch","#ifexist":"ifexist","#ifexpr":"ifexpr","#iferror":"iferror","#time":"time","#timel":"timel","#expr":
"expr","#rel2abs":"rel2abs","#titleparts":"titleparts","#drzewokategorii":"categorytree","#categorytree":"categorytree","#lst":"lst","#section":"lst","#lstx":"lstx","#section-x":"lstx","#lsth":"lsth","#section-h":"lsth","noexternallanglinks":"noexternallanglinks","#właściwość":"property","#property":"property","#statements":"statements","#commaseparatedlist":"commaSeparatedList","#mentor":"mentor","ścieżkaartykułów":"articlepath","articlepath":"articlepath","serwer":"server","server":"server","nazwaserwera":"servername","servername":"servername","ścieżkaskryptu":"scriptpath","scriptpath":"scriptpath","stylepath":"stylepath","numberofwikis":"numberofwikis","wbreponame":"wbreponame"},{"NUMBERINGROUP":"numberingroup","NUMINGROUP":"numberingroup","SORTUJ":"defaultsort","DOMYŚLNIESORTUJ":"defaultsort","DEFAULTSORT":"defaultsort","DEFAULTSORTKEY":"defaultsort","DEFAULTCATEGORYSORT":"defaultsort","STRONYWKATEGORII":"pagesincategory","PAGESINCATEGORY":"pagesincategory","PAGESINCAT":
"pagesincategory","ROZMIARSTRONY":"pagesize","PAGESIZE":"pagesize","__POZIOMZABEZPIECZEŃ__":"protectionlevel","PROTECTIONLEVEL":"protectionlevel","PROTECTIONEXPIRY":"protectionexpiry","NAZWASTRONY":"pagename","PAGENAME":"pagename","PAGENAMEE":"pagenamee","PELNANAZWASTRONY":"fullpagename","FULLPAGENAME":"fullpagename","FULLPAGENAMEE":"fullpagenamee","NAZWAPODSTRONY":"subpagename","SUBPAGENAME":"subpagename","SUBPAGENAMEE":"subpagenamee","ROOTPAGENAME":"rootpagename","ROOTPAGENAMEE":"rootpagenamee","BAZOWANAZWASTRONY":"basepagename","BASEPAGENAME":"basepagename","BASEPAGENAMEE":"basepagenamee","NAZWASTRONYDYSKUSJI":"talkpagename","TALKPAGENAME":"talkpagename","TALKPAGENAMEE":"talkpagenamee","SUBJECTPAGENAME":"subjectpagename","ARTICLEPAGENAME":"subjectpagename","SUBJECTPAGENAMEE":"subjectpagenamee","ARTICLEPAGENAMEE":"subjectpagenamee","REVISIONID":"revisionid","REVISIONDAY":"revisionday","REVISIONDAY2":"revisionday2","REVISIONMONTH":"revisionmonth","REVISIONMONTH1":"revisionmonth1",
"REVISIONYEAR":"revisionyear","REVISIONTIMESTAMP":"revisiontimestamp","REVISIONUSER":"revisionuser","CASCADINGSOURCES":"cascadingsources","NAZWAPRZESTRZENI":"namespace","NAMESPACE":"namespace","NAMESPACEE":"namespacee","NAMESPACENUMBER":"namespacenumber","DYSKUSJA":"talkspace","TALKSPACE":"talkspace","TALKSPACEE":"talkspacee","SUBJECTSPACE":"subjectspace","ARTICLESPACE":"subjectspace","SUBJECTSPACEE":"subjectspacee","ARTICLESPACEE":"subjectspacee","ARTYKUŁÓW":"numberofarticles","NUMBEROFARTICLES":"numberofarticles","PLIKÓW":"numberoffiles","NUMBEROFFILES":"numberoffiles","UŻYTKOWNIKÓW":"numberofusers","NUMBEROFUSERS":"numberofusers","LICZBAAKTYWNYCHUŻYTKOWNIKÓW":"numberofactiveusers","NUMBEROFACTIVEUSERS":"numberofactiveusers","STRON":"numberofpages","NUMBEROFPAGES":"numberofpages","ADMINISTRATORÓW":"numberofadmins","NUMBEROFADMINS":"numberofadmins","EDYCJI":"numberofedits","NUMBEROFEDITS":"numberofedits","WYŚWIETLANYTYTUŁ":"displaytitle","DISPLAYTITLE":"displaytitle","!":"!"
,"=":"=","CURRENTMONTH":"currentmonth","CURRENTMONTH2":"currentmonth","CURRENTMONTH1":"currentmonth1","CURRENTMONTHNAME":"currentmonthname","CURRENTMONTHNAMEGEN":"currentmonthnamegen","CURRENTMONTHABBREV":"currentmonthabbrev","AKTUALNYDZIEŃ":"currentday","CURRENTDAY":"currentday","CURRENTDAY2":"currentday2","NAZWADNIA":"currentdayname","CURRENTDAYNAME":"currentdayname","AKTUALNYROK":"currentyear","CURRENTYEAR":"currentyear","AKTUALNYCZAS":"currenttime","CURRENTTIME":"currenttime","AKTUALNAGODZINA":"currenthour","CURRENTHOUR":"currenthour","MIESIĄC":"localmonth","LOCALMONTH":"localmonth","LOCALMONTH2":"localmonth","LOCALMONTH1":"localmonth1","MIESIĄCNAZWA":"localmonthname","LOCALMONTHNAME":"localmonthname","MIESIĄCNAZWAD":"localmonthnamegen","LOCALMONTHNAMEGEN":"localmonthnamegen","MIESIĄCNAZWASKR":"localmonthabbrev","LOCALMONTHABBREV":"localmonthabbrev","DZIEŃ":"localday","LOCALDAY":"localday","DZIEŃ2":"localday2","LOCALDAY2":"localday2","DZIEŃTYGODNIA":"localdayname",
"LOCALDAYNAME":"localdayname","ROK":"localyear","LOCALYEAR":"localyear","CZAS":"localtime","LOCALTIME":"localtime","GODZINA":"localhour","LOCALHOUR":"localhour","PROJEKT":"sitename","SITENAME":"sitename","AKTUALNYTYDZIEŃ":"currentweek","CURRENTWEEK":"currentweek","CURRENTDOW":"currentdow","TYDZIEŃROKU":"localweek","LOCALWEEK":"localweek","DZIEŃTYGODNIANR":"localdow","LOCALDOW":"localdow","REVISIONSIZE":"revisionsize","AKTUALNAWERSJA":"currentversion","CURRENTVERSION":"currentversion","CURRENTTIMESTAMP":"currenttimestamp","LOCALTIMESTAMP":"localtimestamp","DIRECTIONMARK":"directionmark","DIRMARK":"directionmark","CONTENTLANGUAGE":"contentlanguage","CONTENTLANG":"contentlanguage","PAGELANGUAGE":"pagelanguage"}],"urlProtocols":
"bitcoin\\:|ftp\\:\\/\\/|ftps\\:\\/\\/|geo\\:|git\\:\\/\\/|gopher\\:\\/\\/|http\\:\\/\\/|https\\:\\/\\/|irc\\:\\/\\/|ircs\\:\\/\\/|magnet\\:|mailto\\:|matrix\\:|mms\\:\\/\\/|news\\:|nntp\\:\\/\\/|redis\\:\\/\\/|sftp\\:\\/\\/|sip\\:|sips\\:|sms\\:|ssh\\:\\/\\/|svn\\:\\/\\/|tel\\:|telnet\\:\\/\\/|urn\\:|worldwind\\:\\/\\/|xmpp\\:|\\/\\/","linkTrailCharacters":"/^([a-zęóąśłżźćńĘÓĄŚŁŻŹĆŃ]+)(.*)$/sDu"}}