{"extCodeMirrorConfig":{"pluginModules":["ext.CodeMirror.addons"],"tagModes":{"ref":"text/mediawiki","references":"text/mediawiki","pre":"mw-tag-pre","nowiki":"mw-tag-nowiki"},"tags":{"pre":true,"nowiki":true,"gallery":true,"indicator":true,"langconvert":true,"graph":true,"timeline":true,"hiero":true,"source":true,"syntaxhighlight":true,"score":true,"templatestyles":true,"templatedata":true,"charinsert":true,"ref":true,"references":true,"inputbox":true,"imagemap":true,"poem":true,"categorytree":true,"section":true,"math":true,"ce":true,"chem":true,"maplink":true,"mapframe":true},"doubleUnderscore":[{"__無目錄__":"notoc","__无目录__":"notoc","__notoc__":"notoc","__無圖庫__":"nogallery","__无图库__":"nogallery","__nogallery__":"nogallery","__強制目錄__":"forcetoc","__强显目录__":"forcetoc","__forcetoc__":"forcetoc","__目錄__":"toc","__目录__":"toc","__toc__":"toc",
"__無段落編輯__":"noeditsection","__无编辑段落__":"noeditsection","__无段落编辑__":"noeditsection","__noeditsection__":"noeditsection","__不轉換標題__":"notitleconvert","__不转换标题__":"notitleconvert","__notitleconvert__":"notitleconvert","__notc__":"notitleconvert","__不轉換內容__":"nocontentconvert","__不转换内容__":"nocontentconvert","__nocontentconvert__":"nocontentconvert","__nocc__":"nocontentconvert","__archivedtalk__":"archivedtalk","__notalk__":"notalk"},{"__NEWSECTIONLINK__":"newsectionlink","__新段落链接__":"newsectionlink","__NONEWSECTIONLINK__":"nonewsectionlink","__无新段落链接__":"nonewsectionlink","__隱藏分類__":"hiddencat","__隐藏分类__":"hiddencat","__HIDDENCAT__":"hiddencat","__EXPECTUNUSEDCATEGORY__":"expectunusedcategory","__INDEX__":"index","__索引__":"index","__NOINDEX__":"noindex","__无索引__":"noindex","__靜態重新導向__":"staticredirect","__静态重定向__":"staticredirect",
"__STATICREDIRECT__":"staticredirect","__NOGLOBAL__":"noglobal","__消除歧义__":"disambiguation","__DISAMBIG__":"disambiguation","__EXPECTED_UNCONNECTED_PAGE__":"expectedUnconnectedPage"}],"functionSynonyms":[{"命名空間":"ns","名字空间":"ns","ns":"ns","名称空间":"ns","命名空間e":"nse","名字空间e":"nse","nse":"nse","名称空间e":"nse","urlencode":"urlencode","url编码":"urlencode","lcfirst":"lcfirst","小写首字":"lcfirst","ucfirst":"ucfirst","大写首字":"ucfirst","lc":"lc","小写":"lc","uc":"uc","大写":"uc","本地url":"localurl","localurl":"localurl","本地urle":"localurle","localurle":"localurle","fullurl":"fullurl","完整url":"fullurl","fullurle":"fullurle","完整url等同":"fullurle","canonicalurl":"canonicalurl","规范url":"canonicalurl","canonicalurle":"canonicalurle","规范url等同":"canonicalurle","formatnum":"formatnum","格式化数字":"formatnum","grammar":"grammar","语法":"grammar","性別":"gender","性":"gender","性别":"gender"
,"gender":"gender","plural":"plural","复数":"plural","bidi":"bidi","#語言":"language","#语言":"language","#language":"language","padleft":"padleft","左填充":"padleft","padright":"padright","右填充":"padright","anchorencode":"anchorencode","锚编码":"anchorencode","filepath":"filepath","文件路径":"filepath","頁面id":"pageid","页面id":"pageid","pageid":"pageid","int":"int","界面":"int","#special":"special","#特殊":"special","#speciale":"speciale","#特殊等同":"speciale","#tag":"tag","#标记":"tag","#formatdate":"formatdate","#dateformat":"formatdate","#格式化日期":"formatdate","#日期格式化":"formatdate","#目標":"target","#目标":"target","#target":"target","#巴別":"babel","#巴别":"babel","#babel":"babel","#coordinates":"coordinates","#調動":"invoke","#调用":"invoke","#invoke":"invoke","#related":"related","#若":"if","#非空式":"if","#如果":"if","#if":"if","#相同式":"ifeq","#匹配式":"ifeq","#若相等":"ifeq","#如果相等":
"ifeq","#ifeq":"ifeq","#轉換":"switch","#多选式":"switch","#多条件式":"switch","#双射式":"switch","#开关":"switch","#转换":"switch","#switch":"switch","#存在式":"ifexist","#若有":"ifexist","#如有":"ifexist","#ifexist":"ifexist","#若表達式":"ifexpr","#若表达式":"ifexpr","#ifexpr":"ifexpr","#如果錯誤":"iferror","#错误式":"iferror","#如果错误":"iferror","#iferror":"iferror","#時間":"time","#时间":"time","#time":"time","#時間l":"timel","#时间l":"timel","#timel":"timel","#表達式":"expr","#计算式":"expr","#表达式":"expr","#expr":"expr","#rel2abs":"rel2abs","#标题组成部分":"titleparts","#titleparts":"titleparts","#分類樹":"categorytree","#分类树":"categorytree","#categorytree":"categorytree","#lst":"lst","#section":"lst","#lstx":"lstx","#section-x":"lstx","#lsth":"lsth","#section-h":"lsth","隱藏跨語言連結":"noexternallanglinks","无外部语言连接":"noexternallanglinks","noexternallanglinks":"noexternallanglinks"
,"#屬性":"property","#属性":"property","#property":"property","#statements":"statements","#commaseparatedlist":"commaSeparatedList","#mentor":"mentor","articlepath":"articlepath","条目路径":"articlepath","伺服器":"server","服务器":"server","server":"server","伺服器名稱":"servername","服务器名":"servername","servername":"servername","scriptpath":"scriptpath","脚本路径":"scriptpath","stylepath":"stylepath","样式路径":"stylepath","numberofwikis":"numberofwikis","wb報表名稱":"wbreponame","wb报告名":"wbreponame","wbreponame":"wbreponame"},{"NUMBERINGROUP":"numberingroup","NUMINGROUP":"numberingroup","组中用户数":"numberingroup","DEFAULTSORT":"defaultsort","DEFAULTSORTKEY":"defaultsort","DEFAULTCATEGORYSORT":"defaultsort","默认排序":"defaultsort","默认排序关键字":"defaultsort","默认分类排序":"defaultsort","PAGESINCATEGORY":"pagesincategory","PAGESINCAT":"pagesincategory","分类中页面数":"pagesincategory","PAGESIZE":"pagesize",
"页面大小":"pagesize","PROTECTIONLEVEL":"protectionlevel","保护级别":"protectionlevel","PROTECTIONEXPIRY":"protectionexpiry","頁面名稱":"pagename","页名":"pagename","页面名":"pagename","页面名称":"pagename","PAGENAME":"pagename","PAGENAMEE":"pagenamee","页面名等同":"pagenamee","页面名称等同":"pagenamee","FULLPAGENAME":"fullpagename","页面全称":"fullpagename","完整页面名称":"fullpagename","FULLPAGENAMEE":"fullpagenamee","完整页面名称等同":"fullpagenamee","SUBPAGENAME":"subpagename","子页面名称":"subpagename","SUBPAGENAMEE":"subpagenamee","子页面名称等同":"subpagenamee","根頁面名稱":"rootpagename","ROOTPAGENAME":"rootpagename","根页面名称":"rootpagename","根頁面名稱E":"rootpagenamee","ROOTPAGENAMEE":"rootpagenamee","根页面名称等同":"rootpagenamee","BASEPAGENAME":"basepagename","基础页面名称":"basepagename","BASEPAGENAMEE":"basepagenamee","基础页面名称等同":"basepagenamee","TALKPAGENAME":
"talkpagename","讨论页面名称":"talkpagename","对话页面名称":"talkpagename","TALKPAGENAMEE":"talkpagenamee","讨论页面名称等同":"talkpagenamee","对话页面名称等同":"talkpagenamee","SUBJECTPAGENAME":"subjectpagename","ARTICLEPAGENAME":"subjectpagename","主名字空间页面名称":"subjectpagename","条目页面名称":"subjectpagename","SUBJECTPAGENAMEE":"subjectpagenamee","ARTICLEPAGENAMEE":"subjectpagenamee","主名字空间页面名称等同":"subjectpagenamee","条目页面名称等同":"subjectpagenamee","REVISIONID":"revisionid","修订ID":"revisionid","REVISIONDAY":"revisionday","修订日":"revisionday","REVISIONDAY2":"revisionday2","修订日2":"revisionday2","REVISIONMONTH":"revisionmonth","修订月":"revisionmonth","REVISIONMONTH1":"revisionmonth1","修订月1":"revisionmonth1","REVISIONYEAR":"revisionyear","修订年":"revisionyear","REVISIONTIMESTAMP":"revisiontimestamp","修订时间戳":"revisiontimestamp","修訂使用者":"revisionuser",
"REVISIONUSER":"revisionuser","修订用户":"revisionuser","CASCADINGSOURCES":"cascadingsources","级联来源":"cascadingsources","命名空間":"namespace","名字空间":"namespace","NAMESPACE":"namespace","NAMESPACEE":"namespacee","名字空间等同":"namespacee","命名空間數":"namespacenumber","名字空间编号":"namespacenumber","NAMESPACENUMBER":"namespacenumber","對話空間":"talkspace","讨论空间":"talkspace","讨论名字空间":"talkspace","TALKSPACE":"talkspace","TALKSPACEE":"talkspacee","讨论空间等同":"talkspacee","讨论名字空间等同":"talkspacee","SUBJECTSPACE":"subjectspace","ARTICLESPACE":"subjectspace","主名字空间":"subjectspace","条目名字空间":"subjectspace","SUBJECTSPACEE":"subjectspacee","ARTICLESPACEE":"subjectspacee","主名字空间等同":"subjectspacee","条目名字空间等同":"subjectspacee","文章數":"numberofarticles","条目数":"numberofarticles","NUMBEROFARTICLES":"numberofarticles","檔案數":"numberoffiles",
"文件数":"numberoffiles","NUMBEROFFILES":"numberoffiles","使用者人數量":"numberofusers","用户数":"numberofusers","NUMBEROFUSERS":"numberofusers","活躍使用者人數":"numberofactiveusers","活跃用户数":"numberofactiveusers","NUMBEROFACTIVEUSERS":"numberofactiveusers","頁面數":"numberofpages","页面数":"numberofpages","NUMBEROFPAGES":"numberofpages","管理員數":"numberofadmins","管理员数":"numberofadmins","NUMBEROFADMINS":"numberofadmins","NUMBEROFEDITS":"numberofedits","编辑数":"numberofedits","顯示標題":"displaytitle","显示标题":"displaytitle","DISPLAYTITLE":"displaytitle","!":"!","=":"=","本月":"currentmonth","本月2":"currentmonth","CURRENTMONTH":"currentmonth","CURRENTMONTH2":"currentmonth","CURRENTMONTH1":"currentmonth1","本月1":"currentmonth1","CURRENTMONTHNAME":"currentmonthname","本月名":"currentmonthname","本月名称":"currentmonthname","CURRENTMONTHNAMEGEN":"currentmonthnamegen","本月名属格":"currentmonthnamegen",
"本月名称属格":"currentmonthnamegen","本月縮寫":"currentmonthabbrev","本月简称":"currentmonthabbrev","CURRENTMONTHABBREV":"currentmonthabbrev","今天":"currentday","CURRENTDAY":"currentday","CURRENTDAY2":"currentday2","今天2":"currentday2","CURRENTDAYNAME":"currentdayname","星期":"currentdayname","今天名":"currentdayname","今天名称":"currentdayname","CURRENTYEAR":"currentyear","今年":"currentyear","目前時間":"currenttime","当前时间":"currenttime","此时":"currenttime","CURRENTTIME":"currenttime","CURRENTHOUR":"currenthour","当前小时":"currenthour","LOCALMONTH":"localmonth","LOCALMONTH2":"localmonth","本地月":"localmonth","本地月2":"localmonth","LOCALMONTH1":"localmonth1","本地月1":"localmonth1","LOCALMONTHNAME":"localmonthname","本地月份名":"localmonthname","LOCALMONTHNAMEGEN":"localmonthnamegen","本地月历":"localmonthnamegen","LOCALMONTHABBREV":"localmonthabbrev","本地月缩写":"localmonthabbrev","LOCALDAY":"localday",
"本地日":"localday","LOCALDAY2":"localday2","本地日2":"localday2","LOCALDAYNAME":"localdayname","本地日名":"localdayname","LOCALYEAR":"localyear","本地年":"localyear","LOCALTIME":"localtime","本地时间":"localtime","LOCALHOUR":"localhour","本地小时":"localhour","網站名稱":"sitename","站点名称":"sitename","SITENAME":"sitename","CURRENTWEEK":"currentweek","本周":"currentweek","CURRENTDOW":"currentdow","当前DOW":"currentdow","LOCALWEEK":"localweek","本地周":"localweek","LOCALDOW":"localdow","本地DOW":"localdow","REVISIONSIZE":"revisionsize","修订大小":"revisionsize","目前版本":"currentversion","当前版本":"currentversion","CURRENTVERSION":"currentversion","CURRENTTIMESTAMP":"currenttimestamp","当前时间戳":"currenttimestamp","LOCALTIMESTAMP":"localtimestamp","本地时间戳":"localtimestamp","DIRECTIONMARK":"directionmark","DIRMARK":"directionmark","方向标记":"directionmark","內容語言":"contentlanguage","内容语言":
"contentlanguage","CONTENTLANGUAGE":"contentlanguage","CONTENTLANG":"contentlanguage","PAGELANGUAGE":"pagelanguage"}],"urlProtocols":"bitcoin\\:|ftp\\:\\/\\/|ftps\\:\\/\\/|geo\\:|git\\:\\/\\/|gopher\\:\\/\\/|http\\:\\/\\/|https\\:\\/\\/|irc\\:\\/\\/|ircs\\:\\/\\/|magnet\\:|mailto\\:|matrix\\:|mms\\:\\/\\/|news\\:|nntp\\:\\/\\/|redis\\:\\/\\/|sftp\\:\\/\\/|sip\\:|sips\\:|sms\\:|ssh\\:\\/\\/|svn\\:\\/\\/|tel\\:|telnet\\:\\/\\/|urn\\:|worldwind\\:\\/\\/|xmpp\\:|\\/\\/","linkTrailCharacters":"/^()(.*)$/sD"}}