{
  "mainpage" : "TUISBLAD",
  "namespace" : {
    "" : 0,
    "BEELD" : 6,
    "BEELDBESPREKING" : 7,
    "BESPREKING" : 1,
    "CATEGORY" : 14,
    "CATEGORY TALK" : 15,
    "FILE" : 6,
    "FILE TALK" : 7,
    "GADGET" : 2300,
    "GADGET DEFINITION" : 2302,
    "GADGET DEFINITION TALK" : 2303,
    "GADGET TALK" : 2301,
    "GEBRUIKER" : 2,
    "GEBRUIKERBESPREKING" : 3,
    "HELP" : 12,
    "HELP TALK" : 13,
    "HULP" : 12,
    "HULPBESPREKING" : 13,
    "IMAGE" : 6,
    "IMAGE TALK" : 7,
    "KATEGORIE" : 14,
    "KATEGORIEBESPREKING" : 15,
    "LÊER" : 6,
    "LÊERBESPREKING" : 7,
    "MEDIA" : -2,
    "MEDIAWIKI" : 8,
    "MEDIAWIKI TALK" : 9,
    "MEDIAWIKIBESPREKING" : 9,
    "MODULE" : 828,
    "MODULE TALK" : 829,
    "PORTAAL" : 100,
    "PORTAALBESPREKING" : 101,
    "PROJECT" : 4,
    "PROJECT TALK" : 5,
    "SJABLOON" : 10,
    "SJABLOONBESPREKING" : 11,
    "SPECIAL" : -1,
    "SPESIAAL" : -1,
    "TALK" : 1,
    "TEMPLATE" : 10,
    "TEMPLATE TALK" : 11,
    "TIMEDTEXT" : 710,
    "TIMEDTEXT TALK" : 711,
    "USER" : 2,
    "USER TALK" : 3,
    "WIKIPEDIA" : 4,
    "WIKIPEDIA TALK" : 5,
    "WIKIPEDIABESPREKING" : 5,
    "WP" : 4
  }
}