{
  "mainpage" : "БЕТӀЕРАБ ГЬУМЕР",
  "namespace" : {
    "" : 0,
    "CATEGORY" : 14,
    "CATEGORY TALK" : 15,
    "FILE" : 6,
    "FILE TALK" : 7,
    "GADGET" : 2300,
    "GADGET DEFINITION" : 2302,
    "GADGET DEFINITION TALK" : 2303,
    "GADGET TALK" : 2301,
    "HELP" : 12,
    "HELP TALK" : 13,
    "IMAGE" : 6,
    "IMAGE TALK" : 7,
    "MEDIA" : -2,
    "MEDIAWIKI" : 8,
    "MEDIAWIKI TALK" : 9,
    "MEDIAWIKI-ЯЛЪУЛ БАХӀС" : 9,
    "MODULE" : 828,
    "MODULE TALK" : 829,
    "PROJECT" : 4,
    "PROJECT TALK" : 5,
    "SPECIAL" : -1,
    "TALK" : 1,
    "TEMPLATE" : 10,
    "TEMPLATE TALK" : 11,
    "TIMEDTEXT" : 710,
    "TIMEDTEXT TALK" : 711,
    "USER" : 2,
    "USER TALK" : 3,
    "WIKIPEDIA" : 4,
    "WIKIPEDIA TALK" : 5,
    "WP" : 4,
    "БАХӀС" : 1,
    "ВИКИПЕДИЯ" : 4,
    "ВИКИПЕДИЯЛЪУЛ БАХӀС" : 5,
    "ГАДЖЕТ" : 2300,
    "ГАДЖЕТАЛЪУЛ БАХӀС" : 2301,
    "ГАДЖЕТАЛЪУЛ БАЯН ЧӀЕЗАБИ" : 2302,
    "ГАДЖЕТАЛЪУЛ БАЯН ЧӀЕЗАБИЯЛЪУЛ БАХӀС" : 2303,
    "ГӀАХЬАЛЧИ" : 2,
    "ГӀАХЬАЛЧИЯСУЛ БАХӀС" : 3,
    "ГӀАХЬАЛЧӀУЖУ" : 2,
    "ГӀАХЬАЛЧӀУЖУЯЛЪУЛ БАХӀС" : 3,
    "ИЗОБРАЖЕНИЕ" : 6,
    "КАТЕГОРИЯ" : 14,
    "КАТЕГОРИЯЛЪУЛ БАХӀС" : 15,
    "КУМЕК" : 12,
    "КУМЕКАЛЪУЛ БАХӀС" : 13,
    "МЕДИА" : -2,
    "МОДУЛЬ" : 828,
    "ОБСУЖДЕНИЕ ИЗОБРАЖЕНИЯ" : 7,
    "ОБСУЖДЕНИЕ МОДУЛЯ" : 829,
    "ФАЙЛ" : 6,
    "ФАЙЛАЛЪУЛ БАХӀС" : 7,
    "ХАЛИП" : 10,
    "ХАЛИПАЛЪУЛ БАХӀС" : 11,
    "ХЪУЛУХЪАЛЪУЛАБ" : -1
  }
}