{
  "mainpage" : "XADOLA",
  "namespace" : {
    "" : 0,
    "APTACA" : -1,
    "CATEGORY" : 14,
    "CATEGORY TALK" : 15,
    "DÉFINITION DE GADGET" : 2302,
    "DISCUSSION AIDE" : 13,
    "DISCUSSION CATÉGORIE" : 15,
    "DISCUSSION DÉFINITION DE GADGET" : 2303,
    "DISCUSSION FICHIER" : 7,
    "DISCUSSION GADGET" : 2301,
    "DISCUSSION IMAGE" : 7,
    "DISCUSSION MODÈLE" : 11,
    "DISCUSSION UTILISATEUR" : 3,
    "DISCUSSION UTILISATRICE" : 3,
    "DISCUTER" : 1,
    "EWAVA" : 6,
    "EWAVAPRILARA" : 7,
    "FAVESIK" : 2,
    "FAVESIKPRILARA" : 3,
    "FILE" : 6,
    "FILE TALK" : 7,
    "GADGET" : 2300,
    "GADGET DEFINITION" : 2302,
    "GADGET DEFINITION TALK" : 2303,
    "GADGET TALK" : 2301,
    "HELP" : 12,
    "HELP TALK" : 13,
    "IMAGE" : 6,
    "IMAGE TALK" : 7,
    "IMAGEN" : 6,
    "IMAGEN DISCUSIÓN" : 7,
    "IYELTAK" : 6,
    "IYELTAKPRILARA" : 7,
    "KANACA" : -2,
    "LOMA" : 14,
    "LOMAPRILARA" : 15,
    "MAMIND" : -2,
    "MEDIA" : -2,
    "MEDIAWIKI" : 8,
    "MEDIAWIKI PRILARA" : 9,
    "MEDIAWIKI TALK" : 9,
    "MODULE" : 828,
    "MODULE TALK" : 829,
    "POMARA" : 12,
    "POMARAPRILARA" : 13,
    "PRILARA" : 1,
    "PROJECT" : 4,
    "PROJECT TALK" : 5,
    "SIBA" : 828,
    "SIBAPRILARA" : 829,
    "SPECIAL" : -1,
    "TALK" : 1,
    "TEMPLATE" : 10,
    "TEMPLATE TALK" : 11,
    "TEZA" : 10,
    "TEZAPRILARA" : 11,
    "TIMEDTEXT" : 710,
    "TIMEDTEXT TALK" : 711,
    "USER" : 2,
    "USER TALK" : 3,
    "UTILISATEUR" : 2,
    "UTILISATRICE" : 2,
    "WIKIPEDIA" : 4,
    "WIKIPEDIA PRILARA" : 5,
    "WIKIPEDIA TALK" : 5,
    "WP" : 4,
    "ИЗОБРАЖЕНИЕ" : 6,
    "ОБСУЖДЕНИЕ ИЗОБРАЖЕНИЯ" : 7
  }
}