{
  "mainpage" : "ANA SƏHIFƏ",
  "namespace" : {
    "" : 0,
    "CATEGORY" : 14,
    "CATEGORY TALK" : 15,
    "DRAFT" : 118,
    "DRAFT TALK" : 119,
    "FAYL" : 6,
    "FAYL MÜZAKIRƏSI" : 7,
    "FILE" : 6,
    "FILE TALK" : 7,
    "GADGET" : 2300,
    "GADGET DEFINITION" : 2302,
    "GADGET DEFINITION TALK" : 2303,
    "GADGET TALK" : 2301,
    "HELP" : 12,
    "HELP TALK" : 13,
    "IMAGE" : 6,
    "IMAGE TALK" : 7,
    "İSTIFADƏÇI" : 2,
    "İSTIFADƏÇI MÜZAKIRƏSI" : 3,
    "KATEQORIYA" : 14,
    "KATEQORIYA MÜZAKIRƏSI" : 15,
    "KÖMƏK" : 12,
    "KÖMƏK MÜZAKIRƏSI" : 13,
    "MEDIA" : -2,
    "MEDIAVIKI" : 8,
    "MEDIAVIKI MÜZAKIRƏSI" : 9,
    "MEDIAWIKI" : 8,
    "MEDIAWIKI MÜZAKIRƏSI" : 9,
    "MEDIAWIKI TALK" : 9,
    "MEDIYA" : -2,
    "MEDIYAVIKI" : 8,
    "MEDIYAVIKI MÜZAKIRƏSI" : 9,
    "MODUL" : 828,
    "MODUL MÜZAKIRƏSI" : 829,
    "MODULE" : 828,
    "MODULE TALK" : 829,
    "MÜZAKIRƏ" : 1,
    "PORTAL" : 100,
    "PORTAL MÜZAKIRƏSI" : 101,
    "PROJECT" : 4,
    "PROJECT TALK" : 5,
    "QA" : 118,
    "QADCET" : 2300,
    "QADCET MÜZAKIRƏSI" : 2301,
    "QARALAMA" : 118,
    "QARALAMA MÜZAKIRƏSI" : 119,
    "ŞABLON" : 10,
    "ŞABLON MÜZAKIRƏSI" : 11,
    "ŞƏKIL" : 6,
    "ŞƏKIL MÜZAKIRƏSI" : 7,
    "SPECIAL" : -1,
    "TALK" : 1,
    "TEMPLATE" : 10,
    "TEMPLATE TALK" : 11,
    "TIMEDTEXT" : 710,
    "TIMEDTEXT TALK" : 711,
    "USER" : 2,
    "USER TALK" : 3,
    "VIKIPEDIYA" : 4,
    "VIKIPEDIYA MÜZAKIRƏSI" : 5,
    "VP" : 4,
    "WIKIPEDIA" : 4,
    "WIKIPEDIA TALK" : 5,
    "WP" : 4,
    "XÜSUSI" : -1
  }
}