{
  "mainpage" : "PĖRMS POSLAPIS",
  "namespace" : {
    "" : 0,
    "ABRUOZDIELĖ APTARĖMS" : 7,
    "ABRUOZDIELIS" : 6,
    "APTARĖMS" : 1,
    "APTARIMAS" : 1,
    "CATEGORY" : 14,
    "CATEGORY TALK" : 15,
    "FILE" : 6,
    "FILE TALK" : 7,
    "GADGET" : 2300,
    "GADGET DEFINITION" : 2302,
    "GADGET DEFINITION TALK" : 2303,
    "GADGET TALK" : 2301,
    "HELP" : 12,
    "HELP TALK" : 13,
    "IMAGE" : 6,
    "IMAGE TALK" : 7,
    "KATEGORIJA" : 14,
    "KATEGORIJOS APTARIMAS" : 15,
    "KATEGUORĖJĖ" : 14,
    "KATEGUORĖJĖS APTARĖMS" : 15,
    "MEDĖJĖ" : -2,
    "MEDIA" : -2,
    "MEDIAWIKI" : 8,
    "MEDIAWIKI APTARĖMS" : 9,
    "MEDIAWIKI APTARIMAS" : 9,
    "MEDIAWIKI TALK" : 9,
    "MODULE" : 828,
    "MODULE TALK" : 829,
    "NAUDOTOJAS" : 2,
    "NAUDOTOJO APTARIMAS" : 3,
    "NAUDUOTUOJĖ APTARĖMS" : 3,
    "NAUDUOTUOS" : 2,
    "PAGALBA" : 12,
    "PAGALBOS APTARIMAS" : 13,
    "PAGELBA" : 12,
    "PAGELBAS APTARĖMS" : 13,
    "PROJECT" : 4,
    "PROJECT TALK" : 5,
    "ŠABLONAS" : 10,
    "ŠABLONO APTARIMAS" : 11,
    "ŠABLUONA APTARĖMS" : 11,
    "ŠABLUONS" : 10,
    "SPECĒLOS" : -1,
    "SPECIAL" : -1,
    "SPECIALUS" : -1,
    "TALK" : 1,
    "TEMPLATE" : 10,
    "TEMPLATE TALK" : 11,
    "TIMEDTEXT" : 710,
    "TIMEDTEXT TALK" : 711,
    "USER" : 2,
    "USER TALK" : 3,
    "VAIZDAS" : 6,
    "VAIZDO APTARIMAS" : 7,
    "VIKIPEDĖJĖ" : 4,
    "VIKIPEDĖJĖ APTARIMAS" : 5,
    "VIKIPEDĖJĖS APTARĖMS" : 5,
    "WIKIPEDIA" : 4,
    "WIKIPEDIA TALK" : 5,
    "WP" : 4
  }
}