{
  "mainpage" : "НАЧАЛНА СТРАНИЦА",
  "namespace" : {
    "" : 0,
    "CATEGORY" : 14,
    "CATEGORY TALK" : 15,
    "DRAFT" : 118,
    "DRAFT TALK" : 119,
    "FILE" : 6,
    "FILE TALK" : 7,
    "GADGET" : 2300,
    "GADGET DEFINITION" : 2302,
    "GADGET DEFINITION TALK" : 2303,
    "GADGET TALK" : 2301,
    "HELP" : 12,
    "HELP TALK" : 13,
    "IMAGE" : 6,
    "IMAGE TALK" : 7,
    "MEDIA" : -2,
    "MEDIAWIKI" : 8,
    "MEDIAWIKI TALK" : 9,
    "MODULE" : 828,
    "MODULE TALK" : 829,
    "PROJECT" : 4,
    "PROJECT TALK" : 5,
    "SPECIAL" : -1,
    "TALK" : 1,
    "TEMPLATE" : 10,
    "TEMPLATE TALK" : 11,
    "TIMEDTEXT" : 710,
    "TIMEDTEXT TALK" : 711,
    "USER" : 2,
    "USER TALK" : 3,
    "WIKIPEDIA" : 4,
    "WIKIPEDIA TALK" : 5,
    "WP" : 4,
    "БЕСЕДА" : 1,
    "КАРТИНКА" : 6,
    "КАРТИНКА БЕСЕДА" : 7,
    "КАТЕГОРИЯ" : 14,
    "КАТЕГОРИЯ БЕСЕДА" : 15,
    "МЕДИЯ" : -2,
    "МЕДИЯУИКИ" : 8,
    "МЕДИЯУИКИ БЕСЕДА" : 9,
    "МОДУЛ" : 828,
    "МОДУЛ БЕСЕДА" : 829,
    "ПОМОЩ" : 12,
    "ПОМОЩ БЕСЕДА" : 13,
    "ПОРТАЛ" : 100,
    "ПОРТАЛ БЕСЕДА" : 101,
    "ПОТРЕБИТЕЛ" : 2,
    "ПОТРЕБИТЕЛ БЕСЕДА" : 3,
    "СПЕЦИАЛНИ" : -1,
    "УИКИПЕДИЯ" : 4,
    "УИКИПЕДИЯ БЕСЕДА" : 5,
    "ФАЙЛ" : 6,
    "ФАЙЛ БЕСЕДА" : 7,
    "ЧЕРНОВА" : 118,
    "ЧЕРНОВА БЕСЕДА" : 119,
    "ШАБЛОН" : 10,
    "ШАБЛОН БЕСЕДА" : 11
  }
}