{
  "mainpage" : "အဓိကလိတ်မဲ့ငါ",
  "namespace" : {
    "" : 0,
    "CATEGORY" : 14,
    "CATEGORY TALK" : 15,
    "FILE" : 6,
    "FILE TALK" : 7,
    "GADGET" : 2300,
    "GADGET DEFINITION" : 2302,
    "GADGET DEFINITION TALK" : 2303,
    "GADGET TALK" : 2301,
    "HELP" : 12,
    "HELP TALK" : 13,
    "IMAGE" : 6,
    "IMAGE TALK" : 7,
    "MEDIA" : -2,
    "MEDIAWIKI" : 8,
    "MEDIAWIKI TALK" : 9,
    "MODULE" : 828,
    "MODULE TALK" : 829,
    "PROJECT" : 4,
    "PROJECT TALK" : 5,
    "SPECIAL" : -1,
    "TALK" : 1,
    "TEMPLATE" : 10,
    "TEMPLATE TALK" : 11,
    "TIMEDTEXT" : 710,
    "TIMEDTEXT TALK" : 711,
    "USER" : 2,
    "USER TALK" : 3,
    "WIKIPEDIA" : 4,
    "WIKIPEDIA TALK" : 5,
    "WP" : 4,
    "ကဏ္ဍ" : 14,
    "ကဏ္ဍ အိုင်ကိုမ်ဒေါ့ꩻရီ" : 15,
    "ကိရိယာငယ်" : 2300,
    "ကိရိယာငယ် ဆွေးနွေးချက်" : 2301,
    "ကိရိယာငယ် အဓိပ္ပာယ်" : 2302,
    "ကိရိယာငယ် အဓိပ္ပာယ် ဆွေးနွေးချက်" : 2303,
    "ကေားသုင်ꩻသား" : 2,
    "ကေားသုင်ꩻသား အိုင်ကိုမ်ဒေါ့ꩻရီ" : 3,
    "စွဲးကမ်းကို" : 12,
    "စွဲးကမ်းကို အိုင်ကိုမ်ဒေါ့ꩻရီ" : 13,
    "တမ်းပလေက်" : 10,
    "တမ်းပလေက် အိုင်ကိုမ်ဒေါ့ꩻရီ" : 11,
    "တဲးဝါး" : -1,
    "ဖုဲင်" : 6,
    "ဖုဲင် အိုင်ကိုမ်ဒေါ့ꩻရီ" : 7,
    "မီဒီယာ" : -2,
    "မီဒီယာဝီခီ" : 8,
    "မီဒီယာဝီခီ အိုင်ကိုမ်ဒေါ့ꩻရီ" : 9,
    "မော်ဂျူး" : 828,
    "မော်ဂျူး ဆွေးနွေးချက်" : 829,
    "ဝီခီပီးဒီးယား" : 4,
    "ဝီခီပီးဒီးယား အိုင်ကိုမ်ဒေါ့ꩻရီ" : 5,
    "အိုင်ကိုမ်ဒေါ့ꩻရီ" : 1
  }
}