{
  "mainpage" : "পয়লা পাতা",
  "namespace" : {
    "" : 0,
    "CATEGORY" : 14,
    "CATEGORY TALK" : 15,
    "FILE" : 6,
    "FILE TALK" : 7,
    "GADGET" : 2300,
    "GADGET DEFINITION" : 2302,
    "GADGET DEFINITION TALK" : 2303,
    "GADGET TALK" : 2301,
    "HELP" : 12,
    "HELP TALK" : 13,
    "IMAGE" : 6,
    "IMAGE TALK" : 7,
    "MEDIA" : -2,
    "MEDIAWIKI" : 8,
    "MEDIAWIKI TALK" : 9,
    "MEDIAWIKI আলাপ" : 9,
    "MODULE" : 828,
    "MODULE TALK" : 829,
    "PORTAL" : 100,
    "PORTAL TALK" : 101,
    "PROJECT" : 4,
    "PROJECT TALK" : 5,
    "SPECIAL" : -1,
    "TALK" : 1,
    "TEMPLATE" : 10,
    "TEMPLATE TALK" : 11,
    "TIMEDTEXT" : 710,
    "TIMEDTEXT TALK" : 711,
    "USER" : 2,
    "USER TALK" : 3,
    "WIKIPEDIA" : 4,
    "WIKIPEDIA TALK" : 5,
    "WP" : 4,
    "আতাকুরা" : 2,
    "আতাকুরার য়্যারী" : 3,
    "উইকিপিডিয়া" : 4,
    "উইকিপিডিয়া আলাপ" : 5,
    "উইকিপিডিয়া য়্যারী" : 5,
    "গ্যাজেট" : 2300,
    "গ্যাজেট আলোচনা" : 2301,
    "গ্যাজেট সংজ্ঞা" : 2302,
    "গ্যাজেট সংজ্ঞার আলোচনা" : 2303,
    "চিত্র আলাপ" : 7,
    "ছবি" : 6,
    "ছবি য়্যারী" : 7,
    "থাক" : 14,
    "থাকর য়্যারী" : 15,
    "পাংলাক" : 12,
    "পাংলাকর য়্যারী" : 13,
    "বিশেষ" : -1,
    "মডিউল" : 828,
    "মডিউল আলাপ" : 829,
    "মডেল" : 10,
    "মডেলর য়্যারী" : 11,
    "মিডিয়া" : -2,
    "মিডিয়াউইকি" : 8,
    "মিডিয়াউইকির য়্যারী" : 9,
    "য়্যারী" : 1,
    "হমিলদুৱার" : 100,
    "হমিলদুৱার য়্যারী" : 101
  }
}