{
  "mainpage" : "HLAVNÍ STRANA",
  "namespace" : {
    "" : 0,
    "CATEGORY" : 14,
    "CATEGORY TALK" : 15,
    "DEFINICE UDĚLÁTKA" : 2302,
    "DISKUSE" : 1,
    "DISKUSE K DEFINICI UDĚLÁTKA" : 2303,
    "DISKUSE K MEDIAWIKI" : 9,
    "DISKUSE K MODULU" : 829,
    "DISKUSE K NÁPOVĚDĚ" : 13,
    "DISKUSE K PORTÁLU" : 101,
    "DISKUSE K REJSTŘÍKU" : 103,
    "DISKUSE K ŠABLONĚ" : 11,
    "DISKUSE K SOUBORU" : 7,
    "DISKUSE K UDĚLÁTKU" : 2301,
    "DISKUSE K WIKIPEDII" : 5,
    "DISKUSE KE KATEGORII" : 15,
    "DISKUSE S UŽIVATELEM" : 3,
    "DISKUSE S WIKIPEDISTKOU" : 3,
    "DISKUSE S WIKIPEDISTOU" : 3,
    "DISKUSIA K OBRÁZKU" : 7,
    "DISKUSIA S REDAKTOROM" : 3,
    "FILE" : 6,
    "FILE TALK" : 7,
    "GADGET" : 2300,
    "GADGET DEFINITION" : 2302,
    "GADGET DEFINITION TALK" : 2303,
    "GADGET TALK" : 2301,
    "HELP" : 12,
    "HELP TALK" : 13,
    "IMAGE" : 6,
    "IMAGE TALK" : 7,
    "KATEGORIE" : 14,
    "KATEGORIE DISKUSE" : 15,
    "KOMENTÁR" : 1,
    "KOMENTÁR K MEDIAWIKI" : 9,
    "KOMENTÁR K OBRÁZKU" : 7,
    "KOMENTÁR K REDAKTOROVI" : 3,
    "KOMENTÁR K WIKIPÉDII" : 5,
    "MEDIA" : -2,
    "MÉDIA" : -2,
    "MEDIAWIKI" : 8,
    "MEDIAWIKI DISKUSE" : 9,
    "MEDIAWIKI TALK" : 9,
    "MODUL" : 828,
    "MODULE" : 828,
    "MODULE TALK" : 829,
    "NÁPOVĚDA" : 12,
    "NÁPOVĚDA DISKUSE" : 13,
    "OBRÁZOK" : 6,
    "PORTAL" : 100,
    "PORTÁL" : 100,
    "PORTÁL DISKUSE" : 101,
    "PORTAL TALK" : 101,
    "PROJECT" : 4,
    "PROJECT TALK" : 5,
    "REDAKTOR" : 2,
    "REJSTŘÍK" : 102,
    "REJSTŘÍK DISKUSE" : 103,
    "ŠABLONA" : 10,
    "ŠABLONA DISKUSE" : 11,
    "SOUBOR" : 6,
    "SOUBOR DISKUSE" : 7,
    "SPECIAL" : -1,
    "SPECIÁLNÍ" : -1,
    "TALK" : 1,
    "TÉMA" : 2600,
    "TEMPLATE" : 10,
    "TEMPLATE TALK" : 11,
    "TIMEDTEXT" : 710,
    "TIMEDTEXT TALK" : 711,
    "TOPIC" : 2600,
    "UDĚLÁTKO" : 2300,
    "USER" : 2,
    "USER TALK" : 3,
    "UŽIVATEL" : 2,
    "UŽIVATEL DISKUSE" : 3,
    "UŽIVATELKA DISKUSE" : 3,
    "WIKIPEDIA" : 4,
    "WIKIPEDIA TALK" : 5,
    "WIKIPEDIE" : 4,
    "WIKIPEDIE DISKUSE" : 5,
    "WIKIPEDISTA" : 2,
    "WIKIPEDISTA DISKUSE" : 3,
    "WIKIPEDISTKA" : 2,
    "WIKIPEDISTKA DISKUSE" : 3,
    "WP" : 4
  }
}