{
  "mainpage" : "PRZÉDNÔ STARNA",
  "namespace" : {
    "" : 0,
    "BRËKÒWNIK" : 2,
    "CATEGORY" : 14,
    "CATEGORY TALK" : 15,
    "DEFINICJA GADŻETU" : 2302,
    "DISKÙSËJÔ" : 1,
    "DISKÙSËJÔ BRËKÒWNIKA" : 3,
    "DISKÙSËJÔ KATEGÒRËJI" : 15,
    "DISKÙSËJÔ MEDIAWIKI" : 9,
    "DISKÙSËJÔ ÒBRÔZKÓW" : 7,
    "DISKÙSËJÔ PÒMÒCË" : 13,
    "DISKÙSËJÔ SZABLÓNË" : 11,
    "DISKÙSËJÔ WIKI" : 5,
    "DYSKUSJA DEFINICJI GADŻETU" : 2303,
    "DYSKUSJA GADŻETU" : 2301,
    "DYSKUSJA GRAFIKI" : 7,
    "DYSKUSJA MODUŁU" : 829,
    "DYSKUSJA UŻYTKOWNICZKI" : 3,
    "DYSKUSJA UŻYTKOWNIKA" : 3,
    "FILE" : 6,
    "FILE TALK" : 7,
    "GADGET" : 2300,
    "GADGET DEFINITION" : 2302,
    "GADGET DEFINITION TALK" : 2303,
    "GADGET TALK" : 2301,
    "GADŻET" : 2300,
    "GRAFIKA" : 6,
    "HELP" : 12,
    "HELP TALK" : 13,
    "IMAGE" : 6,
    "IMAGE TALK" : 7,
    "KATEGÒRËJÔ" : 14,
    "MEDIA" : -2,
    "MEDIAWIKI" : 8,
    "MEDIAWIKI TALK" : 9,
    "MODUŁ" : 828,
    "MODULE" : 828,
    "MODULE TALK" : 829,
    "ÒBRÔZK" : 6,
    "PÒMÒC" : 12,
    "PROJECT" : 4,
    "PROJECT TALK" : 5,
    "SPECIAL" : -1,
    "SPECJALNÔ" : -1,
    "SZABLÓNA" : 10,
    "TALK" : 1,
    "TEMPLATE" : 10,
    "TEMPLATE TALK" : 11,
    "TIMEDTEXT" : 710,
    "TIMEDTEXT TALK" : 711,
    "USER" : 2,
    "USER TALK" : 3,
    "UŻYTKOWNICZKA" : 2,
    "UŻYTKOWNIK" : 2,
    "WIKI" : 4,
    "WIKIPEDIA" : 4,
    "WIKIPEDIA TALK" : 5,
    "WP" : 4
  }
}