{
  "mainpage" : "HAFAN",
  "namespace" : {
    "" : 0,
    "ARBENNIG" : -1,
    "CATEGORI" : 14,
    "CATEGORY" : 14,
    "CATEGORY TALK" : 15,
    "CYMORTH" : 12,
    "DEFNYDDIWR" : 2,
    "DELWEDD" : 6,
    "FILE" : 6,
    "FILE TALK" : 7,
    "GADGET" : 2300,
    "GADGET DEFINITION" : 2302,
    "GADGET DEFINITION TALK" : 2303,
    "GADGET TALK" : 2301,
    "HELP" : 12,
    "HELP TALK" : 13,
    "IMAGE" : 6,
    "IMAGE TALK" : 7,
    "MEDIA" : -2,
    "MEDIAWICI" : 8,
    "MEDIAWIKI" : 8,
    "MEDIAWIKI TALK" : 9,
    "MODIWL" : 828,
    "MODULE" : 828,
    "MODULE TALK" : 829,
    "NODYN" : 10,
    "PORTH" : 100,
    "PROJECT" : 4,
    "PROJECT TALK" : 5,
    "SGWRS" : 1,
    "SGWRS CATEGORI" : 15,
    "SGWRS CYMORTH" : 13,
    "SGWRS DEFNYDDIWR" : 3,
    "SGWRS DELWEDD" : 7,
    "SGWRS MEDIAWICI" : 9,
    "SGWRS MODIWL" : 829,
    "SGWRS NODYN" : 11,
    "SGWRS PORTH" : 101,
    "SGWRS WICIPEDIA" : 5,
    "SPECIAL" : -1,
    "TALK" : 1,
    "TEMPLATE" : 10,
    "TEMPLATE TALK" : 11,
    "TIMEDTEXT" : 710,
    "TIMEDTEXT TALK" : 711,
    "USER" : 2,
    "USER TALK" : 3,
    "WICIPEDIA" : 4,
    "WIKIPEDIA" : 4,
    "WIKIPEDIA TALK" : 5,
    "WP" : 4
  }
}