{
  "mainpage" : "SOLƆƔU",
  "namespace" : {
    "" : 0,
    "CATEGORY" : 14,
    "CATEGORY TALK" : 15,
    "DIŊ'GAHIM" : -1,
    "FILE" : 6,
    "FILE TALK" : 7,
    "GADGET" : 2300,
    "GADGET DEFINITION" : 2302,
    "GADGET DEFINITION TALK" : 2303,
    "GADGET TALK" : 2301,
    "HELP" : 12,
    "HELP TALK" : 13,
    "IMAGE" : 6,
    "IMAGE TALK" : 7,
    "LAHABALI KƆLIGU" : 6,
    "LAHABALI KƆLIGU YƐLTƆƔA" : 7,
    "MEDIA" : -2,
    "MEDIAWIKI" : 8,
    "MEDIAWIKI TALK" : 9,
    "MIIDIYA" : -2,
    "MIIDIYAWIKI" : 8,
    "MIIDIYAWIKI YƐLTƆƔA" : 9,
    "MODULE" : 828,
    "MODULE TALK" : 829,
    "ŊUN SU" : 2,
    "ŊUN SU YƐLTƆƔA" : 3,
    "PROJECT" : 4,
    "PROJECT TALK" : 5,
    "PUBU" : 14,
    "PUBU YƐLTƆƔA" : 15,
    "SƆŊSIM" : 12,
    "SƆŊSIM YƐLTƆƔA" : 13,
    "SPECIAL" : -1,
    "TALK" : 1,
    "TEMPLATE" : 10,
    "TEMPLATE TALK" : 11,
    "TƐMPLET" : 10,
    "TƐMPLET YƐLTƆƔA" : 11,
    "TIMEDTEXT" : 710,
    "TIMEDTEXT TALK" : 711,
    "USER" : 2,
    "USER TALK" : 3,
    "WIKIPEDIA" : 4,
    "WIKIPEDIA TALK" : 5,
    "WIKIPEDIA YƐLTƆƔA" : 5,
    "WP" : 4,
    "YƐLTƆƔA" : 1
  }
}