{
  "mainpage" : "WIKIPEDIA:HAUPTSEITE",
  "namespace" : {
    "" : 0,
    "BD" : 3,
    "BENUTZER" : 2,
    "BENUTZER DISKUSSION" : 3,
    "BENUTZERIN" : 2,
    "BENUTZERIN DISKUSSION" : 3,
    "BILD" : 6,
    "BILD DISKUSSION" : 7,
    "CATEGORY" : 14,
    "CATEGORY TALK" : 15,
    "DATEI" : 6,
    "DATEI DISKUSSION" : 7,
    "DISKUSSION" : 1,
    "FILE" : 6,
    "FILE TALK" : 7,
    "GADGET" : 2300,
    "GADGET DEFINITION" : 2302,
    "GADGET DEFINITION TALK" : 2303,
    "GADGET DISKUSSION" : 2301,
    "GADGET TALK" : 2301,
    "GADGET-DEFINITION" : 2302,
    "GADGET-DEFINITION DISKUSSION" : 2303,
    "H" : 12,
    "HD" : 13,
    "HELP" : 12,
    "HELP TALK" : 13,
    "HILFE" : 12,
    "HILFE DISKUSSION" : 13,
    "IMAGE" : 6,
    "IMAGE TALK" : 7,
    "KATEGORIE" : 14,
    "KATEGORIE DISKUSSION" : 15,
    "MEDIA" : -2,
    "MEDIAWIKI" : 8,
    "MEDIAWIKI DISKUSSION" : 9,
    "MEDIAWIKI TALK" : 9,
    "MEDIUM" : -2,
    "MODUL" : 828,
    "MODUL DISKUSSION" : 829,
    "MODULE" : 828,
    "MODULE TALK" : 829,
    "P" : 100,
    "PD" : 101,
    "PORTAL" : 100,
    "PORTAL DISKUSSION" : 101,
    "PROJECT" : 4,
    "PROJECT TALK" : 5,
    "SPECIAL" : -1,
    "SPEZIAL" : -1,
    "TALK" : 1,
    "TEMPLATE" : 10,
    "TEMPLATE TALK" : 11,
    "TIMEDTEXT" : 710,
    "TIMEDTEXT TALK" : 711,
    "USER" : 2,
    "USER TALK" : 3,
    "VORLAGE" : 10,
    "VORLAGE DISKUSSION" : 11,
    "WD" : 5,
    "WIKIPEDIA" : 4,
    "WIKIPEDIA DISKUSSION" : 5,
    "WIKIPEDIA TALK" : 5,
    "WP" : 4
  }
}