{
  "mainpage" : "WIKIPEDIA:PORTADA",
  "namespace" : {
    "" : 0,
    "ACCESORIO" : 2300,
    "ACCESORIO DEFINICIÓN" : 2302,
    "ACCESORIO DEFINICIÓN DISCUSIÓN" : 2303,
    "ACCESORIO DISCUSIÓN" : 2301,
    "ARCHIVO" : 6,
    "ARCHIVO DISCUSIÓN" : 7,
    "AYUDA" : 12,
    "AYUDA DISCUSIÓN" : 13,
    "CAT" : 14,
    "CATEGORÍA" : 14,
    "CATEGORÍA DISCUSIÓN" : 15,
    "CATEGORY" : 14,
    "CATEGORY TALK" : 15,
    "DISCUSIÓN" : 1,
    "ESPECIAL" : -1,
    "FILE" : 6,
    "FILE TALK" : 7,
    "GADGET" : 2300,
    "GADGET DEFINITION" : 2302,
    "GADGET DEFINITION TALK" : 2303,
    "GADGET TALK" : 2301,
    "HELP" : 12,
    "HELP TALK" : 13,
    "IMAGE" : 6,
    "IMAGE TALK" : 7,
    "IMAGEN" : 6,
    "IMAGEN DISCUSIÓN" : 7,
    "MEDIA" : -2,
    "MEDIAWIKI" : 8,
    "MEDIAWIKI DISCUSIÓN" : 9,
    "MEDIAWIKI TALK" : 9,
    "MEDIO" : -2,
    "MODULE" : 828,
    "MODULE TALK" : 829,
    "MÓDULO" : 828,
    "MÓDULO DISCUSIÓN" : 829,
    "PLANTILLA" : 10,
    "PLANTILLA DISCUSIÓN" : 11,
    "PORTAL" : 100,
    "PORTAL DISCUSIÓN" : 101,
    "PR" : 102,
    "PROJECT" : 4,
    "PROJECT TALK" : 5,
    "SPECIAL" : -1,
    "TALK" : 1,
    "TEMPLATE" : 10,
    "TEMPLATE TALK" : 11,
    "TIMEDTEXT" : 710,
    "TIMEDTEXT TALK" : 711,
    "USER" : 2,
    "USER TALK" : 3,
    "USUARIA" : 2,
    "USUARIA DISCUSIÓN" : 3,
    "USUARIO" : 2,
    "USUARIO DISCUSIÓN" : 3,
    "WIKIPEDIA" : 4,
    "WIKIPEDIA DISCUSIÓN" : 5,
    "WIKIPEDIA TALK" : 5,
    "WIKIPROYECTO" : 102,
    "WIKIPROYECTO DISCUSIÓN" : 103,
    "WP" : 4
  }
}