{
  "mainpage" : "صفحهٔ اصلی",
  "namespace" : {
    "" : 0,
    "CATEGORY" : 14,
    "CATEGORY TALK" : 15,
    "DRAFT" : 118,
    "DRAFT TALK" : 119,
    "EDUCATION PROGRAM" : 446,
    "EDUCATION PROGRAM TALK" : 447,
    "FILE" : 6,
    "FILE TALK" : 7,
    "GADGET" : 2300,
    "GADGET DEFINITION" : 2302,
    "GADGET DEFINITION TALK" : 2303,
    "GADGET TALK" : 2301,
    "HELP" : 12,
    "HELP TALK" : 13,
    "IMAGE" : 6,
    "IMAGE TALK" : 7,
    "MEDIA" : -2,
    "MEDIAWIKI" : 8,
    "MEDIAWIKI TALK" : 9,
    "MODULE" : 828,
    "MODULE TALK" : 829,
    "PROJECT" : 4,
    "PROJECT TALK" : 5,
    "SPECIAL" : -1,
    "TALK" : 1,
    "TEMPLATE" : 10,
    "TEMPLATE TALK" : 11,
    "TIMEDTEXT" : 710,
    "TIMEDTEXT TALK" : 711,
    "TOPIC" : 2600,
    "USER" : 2,
    "USER TALK" : 3,
    "WIKIPEDIA" : 4,
    "WIKIPEDIA TALK" : 5,
    "WP" : 4,
    "ابزار" : 2300,
    "الگو" : 10,
    "بحث" : 1,
    "بحث ابزار" : 2301,
    "بحث الگو" : 11,
    "بحث پرونده" : 7,
    "بحث پودمان" : 829,
    "بحث پيش نويس" : 119,
    "بحث پيشنويس" : 119,
    "بحث پيش‌نويس" : 119,
    "بحث پیش نویس" : 119,
    "بحث پیشنویس" : 119,
    "بحث پیش‌نویس" : 119,
    "بحث تصویر" : 7,
    "بحث توضیحات ابزار" : 2303,
    "بحث درگاه" : 101,
    "بحث راهنما" : 13,
    "بحث رده" : 15,
    "بحث كاربر" : 3,
    "بحث کاربر" : 3,
    "بحث مدیاویکی" : 9,
    "بحث ويکي پديا" : 5,
    "بحث ويکي‌پديا" : 5,
    "بحث ویکی پدیا" : 5,
    "بحث ویکی‌پدیا" : 5,
    "بک" : 3,
    "بوپ" : 5,
    "پرونده" : 6,
    "پود" : 828,
    "پودمان" : 828,
    "پيش نويس" : 118,
    "پيشنويس" : 118,
    "پيش‌نويس" : 118,
    "پیش نویس" : 118,
    "پیشنویس" : 118,
    "پیش‌نویس" : 118,
    "تصویر" : 6,
    "توضیحات ابزار" : 2302,
    "درگاه" : 100,
    "راهنما" : 12,
    "رده" : 14,
    "رسانه" : -2,
    "رسانه‌ای" : -2,
    "ره" : 12,
    "كاربر" : 2,
    "کاربر" : 2,
    "مبحث" : 2600,
    "مدیا" : -2,
    "مدیاویکی" : 8,
    "وپ" : 4,
    "ويكي پديا" : 4,
    "ويکي‌پديا" : 4,
    "ویژه" : -1,
    "ویکی پدیا" : 4,
    "ویکی‌پدیا" : 4
  }
}