{
  "mainpage" : "KRATAFA TSITSIR",
  "namespace" : {
    "" : 0,
    "CATEGORY" : 14,
    "CATEGORY TALK" : 15,
    "DWUMADZINYI" : 2,
    "DWUMADZINYI NKƆMBƆDZIBEA" : 3,
    "FAEL" : 6,
    "FAEL NKƆMBƆDZIBEA" : 7,
    "FILE" : 6,
    "FILE TALK" : 7,
    "GADGET" : 2300,
    "GADGET DEFINITION" : 2302,
    "GADGET DEFINITION TALK" : 2303,
    "GADGET TALK" : 2301,
    "HELP" : 12,
    "HELP TALK" : 13,
    "IMAGE" : 6,
    "IMAGE TALK" : 7,
    "MBOA" : 12,
    "MBOA NKƆMBƆDZIBEA" : 13,
    "MEDIA" : -2,
    "MEDIAWIKI" : 8,
    "MEDIAWIKI NKƆMBƆDZIBEA" : 9,
    "MEDIAWIKI TALK" : 9,
    "MODULE" : 828,
    "MODULE TALK" : 829,
    "NHWƐDO" : 10,
    "NHWƐDO NKƆMBƆDZIBEA" : 11,
    "NKƆMBƆDZIBEA" : 1,
    "NKYEKYΕMU" : 14,
    "NKYEKYΕMU NKƆMBƆDZIBEA" : 15,
    "PROJECT" : 4,
    "PROJECT TALK" : 5,
    "SORONKO" : -1,
    "SPECIAL" : -1,
    "TALK" : 1,
    "TEMPLATE" : 10,
    "TEMPLATE TALK" : 11,
    "TIMEDTEXT" : 710,
    "TIMEDTEXT TALK" : 711,
    "USER" : 2,
    "USER TALK" : 3,
    "WIKIPEDIA" : 4,
    "WIKIPEDIA NKƆMBƆDZIBEA" : 5,
    "WIKIPEDIA TALK" : 5,
    "WP" : 4
  }
}