{
  "mainpage" : "WIKIPEDIA:PÄÄLEHT",
  "namespace" : {
    "" : 0,
    "AROTUS" : 1,
    "CATEGORY" : 14,
    "CATEGORY TALK" : 15,
    "FILE" : 6,
    "FILE TALK" : 7,
    "GADGET" : 2300,
    "GADGET DEFINITION" : 2302,
    "GADGET DEFINITION TALK" : 2303,
    "GADGET TALK" : 2301,
    "HELP" : 12,
    "HELP TALK" : 13,
    "IMAGE" : 6,
    "IMAGE TALK" : 7,
    "KATÕGOORIA" : 14,
    "KATÕGOORIA AROTUS" : 15,
    "MEDIA" : -2,
    "MEDIAWIKI" : 8,
    "MEDIAWIKI AROTUS" : 9,
    "MEDIAWIKI TALK" : 9,
    "MEEDIÄ" : -2,
    "MODULE" : 828,
    "MODULE TALK" : 829,
    "MOODUL" : 828,
    "MOODULI ARUTELU" : 829,
    "NÄÜDÜS" : 10,
    "NÄÜDÜSE AROTUS" : 11,
    "OPPUS" : 12,
    "OPPUSÕ AROTUS" : 13,
    "PILDI AROTUS" : 7,
    "PILDI ARUTELU" : 7,
    "PILT" : 6,
    "PROJECT" : 4,
    "PROJECT TALK" : 5,
    "PRUUKJA" : 2,
    "PRUUKJA AROTUS" : 3,
    "SPECIAL" : -1,
    "TALK" : 1,
    "TALLITUSLEHEKÜLG" : -1,
    "TEMPLATE" : 10,
    "TEMPLATE TALK" : 11,
    "TIMEDTEXT" : 710,
    "TIMEDTEXT TALK" : 711,
    "TÖÖRIIST" : 2300,
    "TÖÖRIISTA ARUTELU" : 2301,
    "TÖÖRIISTA MÄÄRATLUS" : 2302,
    "TÖÖRIISTA MÄÄRATLUSE ARUTELU" : 2303,
    "USER" : 2,
    "USER TALK" : 3,
    "WIKIPEDIA" : 4,
    "WIKIPEDIA AROTUS" : 5,
    "WIKIPEDIA ARUTELU" : 5,
    "WIKIPEDIA TALK" : 5,
    "WP" : 4
  }
}