{
  "mainpage" : "VOUIQUIPÈDIA:REÇUA PRINCIPÂLA",
  "namespace" : {
    "" : 0,
    "CATÈGORIE" : 14,
    "CATEGORY" : 14,
    "CATEGORY TALK" : 15,
    "DÉFINITION DE GADGET" : 2302,
    "DISCUSSION" : 1,
    "DISCUSSION AIDE" : 13,
    "DISCUSSION CATÉGORIE" : 15,
    "DISCUSSION CATÈGORIE" : 15,
    "DISCUSSION DÉFINITION DE GADGET" : 2303,
    "DISCUSSION ÉDE" : 13,
    "DISCUSSION ÉMÂGE" : 7,
    "DISCUSSION FICHIER" : 7,
    "DISCUSSION FICHIÉR" : 7,
    "DISCUSSION GADGET" : 2301,
    "DISCUSSION IMAGE" : 7,
    "DISCUSSION MEDIAWIKI" : 9,
    "DISCUSSION MODÈLE" : 11,
    "DISCUSSION MODÈLO" : 11,
    "DISCUSSION MODULE" : 829,
    "DISCUSSION USANCIÉR" : 3,
    "DISCUSSION UTILISATEUR" : 3,
    "DISCUSSION UTILISATOR" : 3,
    "DISCUSSION VOUIQUIPÈDIA" : 5,
    "DISCUTAR" : 1,
    "DISCUTER" : 1,
    "ÉDE" : 12,
    "ÉMÂGE" : 6,
    "FICHIÉR" : 6,
    "FILE" : 6,
    "FILE TALK" : 7,
    "GADGET" : 2300,
    "GADGET DEFINITION" : 2302,
    "GADGET DEFINITION TALK" : 2303,
    "GADGET TALK" : 2301,
    "HELP" : 12,
    "HELP TALK" : 13,
    "IMAGE" : 6,
    "IMAGE TALK" : 7,
    "MEDIA" : -2,
    "MÈDIA" : -2,
    "MEDIAWIKI" : 8,
    "MEDIAWIKI TALK" : 9,
    "MODÈLO" : 10,
    "MODULE" : 828,
    "MODULE TALK" : 829,
    "PROJECT" : 4,
    "PROJECT TALK" : 5,
    "SPECIAL" : -1,
    "SPÈCIÂL" : -1,
    "TALK" : 1,
    "TEMPLATE" : 10,
    "TEMPLATE TALK" : 11,
    "TIMEDTEXT" : 710,
    "TIMEDTEXT TALK" : 711,
    "USANCIÉR" : 2,
    "USER" : 2,
    "USER TALK" : 3,
    "UTILISATOR" : 2,
    "VOUIQUIPÈDIA" : 4,
    "WIKIPEDIA" : 4,
    "WIKIPEDIA TALK" : 5,
    "WP" : 4
  }
}