{
  "mainpage" : "PAGJINE PRINCIPÂL",
  "namespace" : {
    "" : 0,
    "ACCESSORIO" : 2300,
    "CATEGORIE" : 14,
    "CATEGORY" : 14,
    "CATEGORY TALK" : 15,
    "DEFINIZIONE ACCESSORIO" : 2302,
    "DISCUSSION" : 1,
    "DISCUSSION CATEGORIE" : 15,
    "DISCUSSION FIGURE" : 7,
    "DISCUSSION JUTORI" : 13,
    "DISCUSSION MEDIAWIKI" : 9,
    "DISCUSSION MODEL" : 11,
    "DISCUSSION UTENT" : 3,
    "DISCUSSION VICHIPEDIE" : 5,
    "DISCUSSIONI ACCESSORIO" : 2301,
    "DISCUSSIONI DEFINIZIONE ACCESSORIO" : 2303,
    "DISCUSSIONI IMMAGINE" : 7,
    "DISCUSSIONI MODULO" : 829,
    "FIGURE" : 6,
    "FILE" : 6,
    "FILE TALK" : 7,
    "GADGET" : 2300,
    "GADGET DEFINITION" : 2302,
    "GADGET DEFINITION TALK" : 2303,
    "GADGET TALK" : 2301,
    "HELP" : 12,
    "HELP TALK" : 13,
    "IMAGE" : 6,
    "IMAGE TALK" : 7,
    "IMMAGINE" : 6,
    "JUTORI" : 12,
    "MEDIA" : -2,
    "MEDIAWIKI" : 8,
    "MEDIAWIKI TALK" : 9,
    "MODEL" : 10,
    "MODULE" : 828,
    "MODULE TALK" : 829,
    "MODULO" : 828,
    "PROJECT" : 4,
    "PROJECT TALK" : 5,
    "SPECIAL" : -1,
    "SPECIÂL" : -1,
    "TALK" : 1,
    "TEMPLATE" : 10,
    "TEMPLATE TALK" : 11,
    "TIMEDTEXT" : 710,
    "TIMEDTEXT TALK" : 711,
    "USER" : 2,
    "USER TALK" : 3,
    "UTENT" : 2,
    "VICHIPEDIE" : 4,
    "WIKIPEDIA" : 4,
    "WIKIPEDIA TALK" : 5,
    "WP" : 4
  }
}