{
  "mainpage" : "HAADSIDE",
  "namespace" : {
    "" : 0,
    "BERJOCHT" : 10,
    "BERJOCHT OERLIS" : 11,
    "BRÛKER" : 2,
    "BRÛKER OERLIS" : 3,
    "CATEGORY" : 14,
    "CATEGORY TALK" : 15,
    "FILE" : 6,
    "FILE TALK" : 7,
    "GADGET" : 2300,
    "GADGET DEFINITION" : 2302,
    "GADGET DEFINITION TALK" : 2303,
    "GADGET TALK" : 2301,
    "HELP" : 12,
    "HELP TALK" : 13,
    "HULP" : 12,
    "HULP OERLIS" : 13,
    "IMAGE" : 6,
    "IMAGE TALK" : 7,
    "KATEGORY" : 14,
    "KATEGORY OERLIS" : 15,
    "MEDIA" : -2,
    "MEDIAWIKI" : 8,
    "MEDIAWIKI OERLIS" : 9,
    "MEDIAWIKI TALK" : 9,
    "MEIDOGGER" : 2,
    "MEIDOGGER OERLIS" : 3,
    "MODULE" : 828,
    "MODULE TALK" : 829,
    "OERLIS" : 1,
    "OFBYLD" : 6,
    "OFBYLD OERLIS" : 7,
    "PORTAL" : 100,
    "PORTAL TALK" : 101,
    "PROJECT" : 4,
    "PROJECT TALK" : 5,
    "SPECIAL" : -1,
    "TALK" : 1,
    "TEMA" : 100,
    "TEMA OERLIS" : 101,
    "TEMPLATE" : 10,
    "TEMPLATE TALK" : 11,
    "TIMEDTEXT" : 710,
    "TIMEDTEXT TALK" : 711,
    "USER" : 2,
    "USER TALK" : 3,
    "WIKI" : -1,
    "WIKIPEDIA" : 4,
    "WIKIPEDIA TALK" : 5,
    "WIKIPEDY" : 4,
    "WIKIPEDY OERLIS" : 5,
    "WP" : 4
  }
}