{
  "mainpage" : "BAŞ YAPRAK",
  "namespace" : {
    "" : 0,
    "CATEGORY" : 14,
    "CATEGORY TALK" : 15,
    "DARTIŞMA" : 1,
    "DOSYA" : 6,
    "DOSYA TARTIŞMA" : 7,
    "DOSYE" : 6,
    "DOSYE DARTIŞMA" : 7,
    "FILE" : 6,
    "FILE TALK" : 7,
    "GADGET" : 2300,
    "GADGET DEFINITION" : 2302,
    "GADGET DEFINITION TALK" : 2303,
    "GADGET TALK" : 2301,
    "HELP" : 12,
    "HELP TALK" : 13,
    "IMAGE" : 6,
    "IMAGE TALK" : 7,
    "KATEGORI" : 14,
    "KATEGORI TARTIŞMA" : 15,
    "KATEGORIYA" : 14,
    "KATEGORIYA DARTIŞMA" : 15,
    "KULLANICI" : 2,
    "KULLANICI DARTIŞMA" : 3,
    "KULLANICI MESAJ" : 3,
    "MAASUS" : -1,
    "MEDIA" : -2,
    "MEDIAWIKI" : 8,
    "MEDIAWIKI DARTIŞMA" : 9,
    "MEDIAWIKI TALK" : 9,
    "MEDIAWIKI TARTIŞMA" : 9,
    "MEDIYA" : -2,
    "MEDYA" : -2,
    "MEDYAVIKI" : 8,
    "MEDYAVIKI TARTIŞMA" : 9,
    "MODÜL" : 828,
    "MODÜL TARTIŞMA" : 829,
    "MODULE" : 828,
    "MODULE TALK" : 829,
    "ÖZEL" : -1,
    "PROJECT" : 4,
    "PROJECT TALK" : 5,
    "RESIM" : 6,
    "RESIM TARTIŞMA" : 7,
    "ŞABLON" : 10,
    "ŞABLON DARTIŞMA" : 11,
    "ŞABLON TARTIŞMA" : 11,
    "SPECIAL" : -1,
    "TALK" : 1,
    "TARTIŞMA" : 1,
    "TEMPLATE" : 10,
    "TEMPLATE TALK" : 11,
    "TIMEDTEXT" : 710,
    "TIMEDTEXT TALK" : 711,
    "USER" : 2,
    "USER TALK" : 3,
    "VIKIPEDIYA" : 4,
    "VIKIPEDIYA TARTIŞMA" : 5,
    "VIKIPEDIYANIN LAFLANMASI" : 5,
    "WIKIPEDIA" : 4,
    "WIKIPEDIA TALK" : 5,
    "WP" : 4,
    "YARDIM" : 12,
    "YARDIM DARTIŞMA" : 13,
    "YARDIM TARTIŞMA" : 13
  }
}