{
  "mainpage" : "PAJ PRENSIPAL",
  "namespace" : {
    "" : 0,
    "CATEGORY" : 14,
    "CATEGORY TALK" : 15,
    "DÉFINITION DE GADGET" : 2302,
    "DISCUSSION AIDE" : 13,
    "DISCUSSION CATÉGORIE" : 15,
    "DISCUSSION DÉFINITION DE GADGET" : 2303,
    "DISCUSSION FICHIER" : 7,
    "DISCUSSION GADGET" : 2301,
    "DISCUSSION IMAGE" : 7,
    "DISCUSSION MODÈLE" : 11,
    "DISCUSSION UTILISATEUR" : 3,
    "DISCUSSION UTILISATRICE" : 3,
    "DISCUTER" : 1,
    "DISKISYON" : 1,
    "DISKISYON FICHÉ" : 7,
    "DISKISYON ITILIZATÒ" : 3,
    "DISKISYON KATÉGORI" : 15,
    "DISKISYON LÈD" : 13,
    "DISKISYON MEDIAWIKI" : 9,
    "DISKISYON MODÈL" : 11,
    "DISKISYON MODJOUL" : 829,
    "DISKISYON WIKIPÉDJA" : 5,
    "ÈSPÉSYAL" : -1,
    "FICHÉ" : 6,
    "FILE" : 6,
    "FILE TALK" : 7,
    "GADGET" : 2300,
    "GADGET DEFINITION" : 2302,
    "GADGET DEFINITION TALK" : 2303,
    "GADGET TALK" : 2301,
    "HELP" : 12,
    "HELP TALK" : 13,
    "IMAGE" : 6,
    "IMAGE TALK" : 7,
    "ITILIZATÒ" : 2,
    "KATÉGORI" : 14,
    "LÈD" : 12,
    "MEDIA" : -2,
    "MEDIAWIKI" : 8,
    "MEDIAWIKI TALK" : 9,
    "MÉDJA" : -2,
    "MODÈL" : 10,
    "MODJOUL" : 828,
    "MODULE" : 828,
    "MODULE TALK" : 829,
    "PROJECT" : 4,
    "PROJECT TALK" : 5,
    "SPECIAL" : -1,
    "TALK" : 1,
    "TEMPLATE" : 10,
    "TEMPLATE TALK" : 11,
    "TIMEDTEXT" : 710,
    "TIMEDTEXT TALK" : 711,
    "USER" : 2,
    "USER TALK" : 3,
    "UTILISATEUR" : 2,
    "UTILISATRICE" : 2,
    "WIKIPEDIA" : 4,
    "WIKIPEDIA TALK" : 5,
    "WIKIPÉDJA" : 4,
    "WP" : 4
  }
}