{
  "mainpage" : "گتˇ ولگ",
  "namespace" : {
    "" : 0,
    "CATEGORY" : 14,
    "CATEGORY TALK" : 15,
    "FILE" : 6,
    "FILE TALK" : 7,
    "GADGET" : 2300,
    "GADGET DEFINITION" : 2302,
    "GADGET DEFINITION TALK" : 2303,
    "GADGET TALK" : 2301,
    "HELP" : 12,
    "HELP TALK" : 13,
    "IMAGE" : 6,
    "IMAGE TALK" : 7,
    "MEDIA" : -2,
    "MEDIAWIKI" : 8,
    "MEDIAWIKI TALK" : 9,
    "MODULE" : 828,
    "MODULE TALK" : 829,
    "PROJECT" : 4,
    "PROJECT TALK" : 5,
    "SPECIAL" : -1,
    "TALK" : 1,
    "TEMPLATE" : 10,
    "TEMPLATE TALK" : 11,
    "TIMEDTEXT" : 710,
    "TIMEDTEXT TALK" : 711,
    "USER" : 2,
    "USER TALK" : 3,
    "WIKIPEDIA" : 4,
    "WIKIPEDIA TALK" : 5,
    "WP" : 4,
    "ابزار" : 2300,
    "الگو" : 10,
    "بحث" : 1,
    "بحث WIKIPEDIA" : 5,
    "بحث ابزار" : 2301,
    "بحث الگو" : 11,
    "بحث پرونده" : 7,
    "بحث تصویر" : 7,
    "بحث توضیحات ابزار" : 2303,
    "بحث راهنما" : 13,
    "بحث رده" : 15,
    "بحث کاربر" : 3,
    "بحث مدیاویکی" : 9,
    "پرونده" : 6,
    "تصویر" : 6,
    "توضیحات ابزار" : 2302,
    "جرگه" : 14,
    "جرگه گب" : 15,
    "خاص" : -1,
    "رانما" : 12,
    "رانما گب" : 13,
    "راهنما" : 12,
    "رده" : 14,
    "رسانه" : -2,
    "رسانه‌ای" : -2,
    "فاىل" : 6,
    "فاىلˇ گب" : 7,
    "قالب" : 10,
    "قالبˇ گب" : 11,
    "کاربر" : 2,
    "کارگير" : 2,
    "کارگيرˇ گب" : 3,
    "گب" : 1,
    "ماجۊل" : 828,
    "ماجۊلˇ گب" : 829,
    "مدي WIKIPEDIA" : 5,
    "مديا" : -2,
    "مدياويکي" : 8,
    "مدياويکي گب" : 9,
    "ویژه" : -1
  }
}