{
  "mainpage" : "मुखेल पान",
  "namespace" : {
    "" : 0,
    "CATEGORY" : 14,
    "CATEGORY TALK" : 15,
    "FILE" : 6,
    "FILE TALK" : 7,
    "GADGET" : 2300,
    "GADGET DEFINITION" : 2302,
    "GADGET DEFINITION TALK" : 2303,
    "GADGET TALK" : 2301,
    "HELP" : 12,
    "HELP TALK" : 13,
    "IMAGE" : 6,
    "IMAGE TALK" : 7,
    "MEDIA" : -2,
    "MEDIAWIKI" : 8,
    "MEDIAWIKI TALK" : 9,
    "MODULE" : 828,
    "MODULE TALK" : 829,
    "PROJECT" : 4,
    "PROJECT TALK" : 5,
    "SPECIAL" : -1,
    "TALK" : 1,
    "TEMPLATE" : 10,
    "TEMPLATE TALK" : 11,
    "TIMEDTEXT" : 710,
    "TIMEDTEXT TALK" : 711,
    "TOPIC" : 2600,
    "USER" : 2,
    "USER TALK" : 3,
    "WIKIPEDIA" : 4,
    "WIKIPEDIA TALK" : 5,
    "WP" : 4,
    "आदार" : 12,
    "आदार चर्चा" : 13,
    "उपेगकर्तो" : 2,
    "उपेगकर्तो चर्चा" : 3,
    "एकक" : 828,
    "एकक चर्चा" : 829,
    "चर्चा" : 1,
    "प्रारूप" : 10,
    "प्रारूप चर्चा" : 11,
    "फायल" : 6,
    "फायल चर्चा" : 7,
    "मजत" : 12,
    "मजत चर्चा" : 13,
    "माध्यम" : -2,
    "मिडिया" : -2,
    "मिडियाविकी" : 8,
    "मिडियाविकी चर्चा" : 9,
    "वर्ग" : 14,
    "वर्ग चर्चा" : 15,
    "वापरपी" : 2,
    "वापरपी चर्चा" : 3,
    "विकिपीडिया" : 4,
    "विकिपीडिया चर्चा" : 5,
    "विशय" : 2600,
    "विशेश" : -1,
    "श्रेणी" : 14,
    "श्रेणी चर्चा" : 15,
    "सांचो" : 10,
    "सांचो चर्चा" : 11
  }
}