{
  "mainpage" : "𐌰𐌽𐌰𐍃𐍄𐍉𐌳𐌴𐌹𐌽𐌹𐌻𐌰𐌿𐍆𐍃",
  "namespace" : {
    "" : 0,
    "CATEGORY" : 14,
    "CATEGORY TALK" : 15,
    "FILE" : 6,
    "FILE TALK" : 7,
    "GADGET" : 2300,
    "GADGET DEFINITION" : 2302,
    "GADGET DEFINITION TALK" : 2303,
    "GADGET TALK" : 2301,
    "HELP" : 12,
    "HELP TALK" : 13,
    "IMAGE" : 6,
    "IMAGE TALK" : 7,
    "MEDIA" : -2,
    "MEDIAWIKI" : 8,
    "MEDIAWIKI TALK" : 9,
    "MODULE" : 828,
    "MODULE TALK" : 829,
    "PROJECT" : 4,
    "PROJECT TALK" : 5,
    "SPECIAL" : -1,
    "TALK" : 1,
    "TEMPLATE" : 10,
    "TEMPLATE TALK" : 11,
    "TIMEDTEXT" : 710,
    "TIMEDTEXT TALK" : 711,
    "USER" : 2,
    "USER TALK" : 3,
    "WIKIPEDIA" : 4,
    "WIKIPEDIA TALK" : 5,
    "WP" : 4,
    "𐌷𐌰𐌽𐍃𐌰" : 14,
    "𐌷𐌰𐌽𐍃𐍉𐍃 𐌲𐌰𐍅𐌰𐌿𐍂𐌳𐌾𐌰" : 15,
    "𐌷𐌹𐌻𐍀𐌰" : 12,
    "𐌷𐌹𐌻𐍀𐍉𐍃 𐌲𐌰𐍅𐌰𐌿𐍂𐌳𐌾𐌰" : 13,
    "𐌸𐌹𐍃 WIKIPEDIA 𐌲𐌰𐍅𐌰𐌿𐍂𐌳𐌾𐌰" : 5,
    "𐌽𐌹𐌿𐍄𐌰𐌽𐌳𐌹𐍃 𐌲𐌰𐍅𐌰𐌿𐍂𐌳𐌾𐌰" : 3,
    "𐌽𐌹𐌿𐍄𐌰𐌽𐌳𐍃" : 2,
    "𐍆𐌰𐌿𐍂𐌰𐌼𐌴𐌻𐌴𐌹𐌽𐌰𐌹𐍃 𐌲𐌰𐍅𐌰𐌿𐍂𐌳𐌾𐌰" : 11,
    "𐍆𐌰𐌿𐍂𐌰𐌼𐌴𐌻𐌴𐌹𐌽𐍃" : 10,
    "𐍆𐌴𐌹𐌻𐌰" : 6,
    "𐍆𐌴𐌹𐌻𐌹𐌽𐍃 𐌲𐌰𐍅𐌰𐌿𐍂𐌳𐌾𐌰" : 7
  }
}