{
  "mainpage" : "EE'IYALAAYA A'LAÜLAASÜ",
  "namespace" : {
    "" : 0,
    "ACCESORIO" : 2300,
    "ACCESORIO DEFINICIÓN" : 2302,
    "ACCESORIO DEFINICIÓN DISCUSIÓN" : 2303,
    "ACCESORIO DISCUSIÓN" : 2301,
    "AKAALIIJIAA" : 12,
    "AKOTCHAJÜLEE SÜNÜLIA" : 14,
    "ANAAJAALAA" : 6,
    "ANALAYAAPÜLEE KASA" : -1,
    "ANOUKTIA SUKUA'IPA" : 10,
    "AYAAKUWAPÜLEE" : -2,
    "CATEGORY" : 14,
    "CATEGORY TALK" : 15,
    "FILE" : 6,
    "FILE TALK" : 7,
    "GADGET" : 2300,
    "GADGET DEFINITION" : 2302,
    "GADGET DEFINITION TALK" : 2303,
    "GADGET TALK" : 2301,
    "HELP" : 12,
    "HELP TALK" : 13,
    "IMAGE" : 6,
    "IMAGE TALK" : 7,
    "IMAGEN" : 6,
    "IMAGEN DISCUSIÓN" : 7,
    "KA'YATAAYAKALÜ" : 2,
    "MEDIA" : -2,
    "MEDIAWIKI" : 8,
    "MEDIAWIKI TALK" : 9,
    "MODULE" : 828,
    "MODULE TALK" : 829,
    "MÓDULO" : 828,
    "MÓDULO DISCUSIÓN" : 829,
    "PROJECT" : 4,
    "PROJECT TALK" : 5,
    "SPECIAL" : -1,
    "TALK" : 1,
    "TEMPLATE" : 10,
    "TEMPLATE TALK" : 11,
    "TIMEDTEXT" : 710,
    "TIMEDTEXT TALK" : 711,
    "USER" : 2,
    "USER TALK" : 3,
    "WIKIPEDIA" : 4,
    "WIKIPEDIA TALK" : 5,
    "WIKIPEETIA" : 4,
    "WP" : 4,
    "YOOTIRAWAA" : 1,
    "YOOTIRAWAA NÜMAA KA'YATAAYAKALÜ" : 3,
    "YOOTIRAWAA SÜCHIKI AKAALIIJIAA" : 13,
    "YOOTIRAWAA SÜCHIKI AKOTCHAJÜLEE ANÜLIA" : 15,
    "YOOTIRAWAA SÜCHIKI ANAAJAALAA" : 7,
    "YOOTIRAWAA SÜCHIKI ANOUKTIA AKUA'IPA" : 11,
    "YOOTIRAWAA SÜCHIKI MEDIAWIKI" : 9,
    "YOOTIRAWAA SÜCHIKI WIKIPEETIA" : 5
  }
}