{
  "mainpage" : "PƐGEZURE",
  "namespace" : {
    "" : 0,
    "BUURI BUURI" : 14,
    "BUURI BUURI TƆGUM" : 15,
    "CATEGORY" : 14,
    "CATEGORY TALK" : 15,
    "FAALI" : 6,
    "FAALI TƆGUM" : 7,
    "FILE" : 6,
    "FILE TALK" : 7,
    "GADGET" : 2300,
    "GADGET DEFINITION" : 2302,
    "GADGET DEFINITION TALK" : 2303,
    "GADGET TALK" : 2301,
    "HELP" : 12,
    "HELP TALK" : 13,
    "IMAGE" : 6,
    "IMAGE TALK" : 7,
    "MEDIA" : -2,
    "MEDIAWIKI" : 8,
    "MEDIAWIKI TALK" : 9,
    "MIIDIYA" : -2,
    "MIIDIYAWIKI" : 8,
    "MIIDIYAWIKI TƆGUM" : 9,
    "MODULE" : 828,
    "MODULE TALK" : 829,
    "PROJECT" : 4,
    "PROJECT TALK" : 5,
    "SPECIAL" : -1,
    "SUŊERƐ" : 12,
    "SUŊERƐ TƆGUM" : 13,
    "TALK" : 1,
    "TEMPLATE" : 10,
    "TEMPLATE TALK" : 11,
    "TƐMPILETI" : 10,
    "TƐMPILETI TƆGUM" : 11,
    "TIMEDTEXT" : 710,
    "TIMEDTEXT TALK" : 711,
    "TƆGUM" : 1,
    "TUNTUNA" : 2,
    "TUNTUNA TƆGUM" : 3,
    "USER" : 2,
    "USER TALK" : 3,
    "WIKIPEDIA" : 4,
    "WIKIPEDIA TALK" : 5,
    "WIKIPIIDIYA" : 4,
    "WIKIPIIDIYA TƆGUM" : 5,
    "WP" : 4,
    "ZURE" : -1
  }
}