{
  "mainpage" : "KA PAPA KINOHI",
  "namespace" : {
    "" : 0,
    "ANAKUHI" : 10,
    "CATEGORY" : 14,
    "CATEGORY TALK" : 15,
    "FILE" : 6,
    "FILE TALK" : 7,
    "GADGET" : 2300,
    "GADGET DEFINITION" : 2302,
    "GADGET DEFINITION TALK" : 2303,
    "GADGET TALK" : 2301,
    "HELP" : 12,
    "HELP TALK" : 13,
    "IMAGE" : 6,
    "IMAGE TALK" : 7,
    "KIʻI" : 6,
    "KŌKUA" : 12,
    "KŪKĀKŪKĀ" : 1,
    "KŪKĀKŪKĀ O ANAKUHI" : 11,
    "KŪKĀKŪKĀ O KIʻI" : 7,
    "KŪKĀKŪKĀ O KŌKUA" : 13,
    "KŪKĀKŪKĀ O MĀHELE" : 15,
    "KŪKĀKŪKĀ O MEA HOʻOHANA" : 3,
    "KŪKĀKŪKĀ O MEDIAWIKI" : 9,
    "KŪKĀKŪKĀ O WAIHONA" : 7,
    "KŪKĀKŪKĀ O WIKIPIKIA" : 5,
    "MĀHELE" : 14,
    "MEA HOʻOHANA" : 2,
    "MEDIA" : -2,
    "MEDIAWIKI" : 8,
    "MEDIAWIKI TALK" : 9,
    "MODULE" : 828,
    "MODULE TALK" : 829,
    "PAPA NUI" : -1,
    "PĀPAHO" : -2,
    "PROJECT" : 4,
    "PROJECT TALK" : 5,
    "SPECIAL" : -1,
    "TALK" : 1,
    "TEMPLATE" : 10,
    "TEMPLATE TALK" : 11,
    "TIMEDTEXT" : 710,
    "TIMEDTEXT TALK" : 711,
    "USER" : 2,
    "USER TALK" : 3,
    "WAIHONA" : 6,
    "WIKIPEDIA" : 4,
    "WIKIPEDIA TALK" : 5,
    "WP" : 4
  }
}