{
  "mainpage" : "PAJ PRENSIPAL",
  "namespace" : {
    "" : 0,
    "CATEGORY" : 14,
    "CATEGORY TALK" : 15,
    "DÉFINITION DE GADGET" : 2302,
    "DISCUSSION AIDE" : 13,
    "DISCUSSION CATÉGORIE" : 15,
    "DISCUSSION DÉFINITION DE GADGET" : 2303,
    "DISCUSSION FICHIER" : 7,
    "DISCUSSION GADGET" : 2301,
    "DISCUSSION IMAGE" : 7,
    "DISCUSSION MODÈLE" : 11,
    "DISCUSSION MODULE" : 829,
    "DISCUSSION UTILISATEUR" : 3,
    "DISCUTER" : 1,
    "DISKISYON ÈD" : 13,
    "DISKISYON FICHYE" : 7,
    "DISKISYON IMAJ" : 7,
    "DISKISYON ITILIZATÈ" : 3,
    "DISKISYON KATEGORI" : 15,
    "DISKISYON MEDYAWIKI" : 9,
    "DISKISYON MODÈL" : 11,
    "DISKISYON WIKIPEDYA" : 5,
    "DISKITE" : 1,
    "ÈD" : 12,
    "ESPESYAL" : -1,
    "FICHYE" : 6,
    "FILE" : 6,
    "FILE TALK" : 7,
    "GADGET" : 2300,
    "GADGET DEFINITION" : 2302,
    "GADGET DEFINITION TALK" : 2303,
    "GADGET TALK" : 2301,
    "HELP" : 12,
    "HELP TALK" : 13,
    "IMAGE" : 6,
    "IMAGE TALK" : 7,
    "IMAJ" : 6,
    "ITILIZATÈ" : 2,
    "KATEGORI" : 14,
    "MEDIA" : -2,
    "MEDIAWIKI" : 8,
    "MEDIAWIKI TALK" : 9,
    "MEDYA" : -2,
    "MEDYAWIKI" : 8,
    "MODÈL" : 10,
    "MODULE" : 828,
    "MODULE TALK" : 829,
    "PROJECT" : 4,
    "PROJECT TALK" : 5,
    "SPECIAL" : -1,
    "TALK" : 1,
    "TEMPLATE" : 10,
    "TEMPLATE TALK" : 11,
    "TIMEDTEXT" : 710,
    "TIMEDTEXT TALK" : 711,
    "USER" : 2,
    "USER TALK" : 3,
    "WIKIPEDIA" : 4,
    "WIKIPEDIA TALK" : 5,
    "WIKIPEDYA" : 4,
    "WP" : 4
  }
}