{
  "mainpage" : "ԳԼԽԱՒՈՐ ԷՋ",
  "namespace" : {
    "" : 0,
    "CATEGORY" : 14,
    "CATEGORY TALK" : 15,
    "FILE" : 6,
    "FILE TALK" : 7,
    "GADGET" : 2300,
    "GADGET DEFINITION" : 2302,
    "GADGET DEFINITION TALK" : 2303,
    "GADGET TALK" : 2301,
    "HELP" : 12,
    "HELP TALK" : 13,
    "IMAGE" : 6,
    "IMAGE TALK" : 7,
    "MEDIA" : -2,
    "MEDIAWIKI" : 8,
    "MEDIAWIKI TALK" : 9,
    "MEDIAWIKI ՔՆՆԱՐԿՈՒՄ" : 9,
    "MODULE" : 828,
    "MODULE TALK" : 829,
    "PROJECT" : 4,
    "PROJECT TALK" : 5,
    "SPECIAL" : -1,
    "TALK" : 1,
    "TEMPLATE" : 10,
    "TEMPLATE TALK" : 11,
    "TIMEDTEXT" : 710,
    "TIMEDTEXT TALK" : 711,
    "USER" : 2,
    "USER TALK" : 3,
    "WIKIPEDIA" : 4,
    "WIKIPEDIA TALK" : 5,
    "WP" : 4,
    "ԿԱՂԱՊԱՐ" : 10,
    "ԿԱՂԱՊԱՐԻ ՔՆՆԱՐԿՈՒՄ" : 11,
    "ԿԱՏԵԳՈՐԻԱՅԻ ՔՆՆԱՐԿՈՒՄ" : 15,
    "ՄԱՍՆԱԿԻՑ" : 2,
    "ՄԱՍՆԱԿՑԻ ՔՆՆԱՐԿՈՒՄ" : 3,
    "ՄԵԴԻԱ" : -2,
    "ՄՈԴՈՒԼ" : 828,
    "ՄՈԴՈՒԼԻ ՔՆՆԱՐԿՈՒՄ" : 829,
    "ՈՒԻՔԻՓԵՏԻԱ" : 4,
    "ՈՒԻՔԻՓԵՏԻԱՅԻ ՔՆՆԱՐԿՈՒՄ" : 5,
    "ՊԱՏԿԵՐ" : 6,
    "ՊԱՏԿԵՐԻ ՔՆՆԱՐԿՈՒՄ" : 7,
    "ՍՊԱՍԱՐԿՈՂ" : -1,
    "ՍՏՈՐՈԳՈՒԹԻՒՆ" : 14,
    "ՔՆՆԱՐԿՈՒՄ" : 1,
    "ՕԳՆՈՒԹՅԱՆ ՔՆՆԱՐԿՈՒՄ" : 13,
    "ՕԳՆՈՒԹՅՈՒՆ" : 12
  }
}