{
  "mainpage" : "FORSÍÐA",
  "namespace" : {
    "" : 0,
    "CATEGORY" : 14,
    "CATEGORY TALK" : 15,
    "FILE" : 6,
    "FILE TALK" : 7,
    "FLOKKASPJALL" : 15,
    "FLOKKUR" : 14,
    "GADGET" : 2300,
    "GADGET DEFINITION" : 2302,
    "GADGET DEFINITION TALK" : 2303,
    "GADGET TALK" : 2301,
    "GÁTT" : 100,
    "GÁTTASPJALL" : 101,
    "HELP" : 12,
    "HELP TALK" : 13,
    "HJÁLP" : 12,
    "HJÁLPARSPJALL" : 13,
    "IMAGE" : 6,
    "IMAGE TALK" : 7,
    "KERFISSÍÐA" : -1,
    "MEDIA" : -2,
    "MEDIAWIKI" : 8,
    "MEDIAWIKI TALK" : 9,
    "MELDING" : 8,
    "MELDINGARSPJALL" : 9,
    "MIÐILL" : -2,
    "MODULE" : 828,
    "MODULE TALK" : 829,
    "MYND" : 6,
    "MYNDASPJALL" : 7,
    "NOTANDASPJALL" : 3,
    "NOTANDI" : 2,
    "PROJECT" : 4,
    "PROJECT TALK" : 5,
    "SMÁTÓL" : 2300,
    "SMÁTÓLA SKILGREINING" : 2302,
    "SMÁTÓLA SKILGREININGARSPJALL" : 2303,
    "SMÁTÓLASPJALL" : 2301,
    "SNIÐ" : 10,
    "SNIÐASPJALL" : 11,
    "SPECIAL" : -1,
    "SPJALL" : 1,
    "TALK" : 1,
    "TEMPLATE" : 10,
    "TEMPLATE TALK" : 11,
    "TIMEDTEXT" : 710,
    "TIMEDTEXT TALK" : 711,
    "USER" : 2,
    "USER TALK" : 3,
    "WIKIPEDIA" : 4,
    "WIKIPEDIA TALK" : 5,
    "WIKIPEDIASPJALL" : 5,
    "WP" : 4
  }
}