{
  "mainpage" : "ᲛᲗᲐᲕᲐᲠᲘ ᲒᲕᲔᲠᲓᲘ",
  "namespace" : {
    "" : 0,
    "CATEGORY" : 14,
    "CATEGORY TALK" : 15,
    "FILE" : 6,
    "FILE TALK" : 7,
    "GADGET" : 2300,
    "GADGET DEFINITION" : 2302,
    "GADGET DEFINITION TALK" : 2303,
    "GADGET TALK" : 2301,
    "HELP" : 12,
    "HELP TALK" : 13,
    "IMAGE" : 6,
    "IMAGE TALK" : 7,
    "MEDIA" : -2,
    "MEDIAWIKI" : 8,
    "MEDIAWIKI TALK" : 9,
    "MODULE" : 828,
    "MODULE TALK" : 829,
    "PROJECT" : 4,
    "PROJECT TALK" : 5,
    "SPECIAL" : -1,
    "TALK" : 1,
    "TEMPLATE" : 10,
    "TEMPLATE TALK" : 11,
    "TIMEDTEXT" : 710,
    "TIMEDTEXT TALK" : 711,
    "USER" : 2,
    "USER TALK" : 3,
    "WIKIPEDIA" : 4,
    "WIKIPEDIA TALK" : 5,
    "WP" : 4,
    "ᲒᲐᲜᲮᲘᲚᲕᲐ" : 1,
    "ᲓᲐᲮᲛᲐᲠᲔᲑᲐ" : 12,
    "ᲓᲐᲮᲛᲐᲠᲔᲑᲐ ᲒᲐᲜᲮᲘᲚᲕᲐ" : 13,
    "ᲓᲐᲮᲛᲐᲠᲔᲑᲘᲡ ᲒᲐᲜᲮᲘᲚᲕᲐ" : 13,
    "ᲕᲘᲙᲘᲞᲔᲓᲘᲐ" : 4,
    "ᲕᲘᲙᲘᲞᲔᲓᲘᲐ ᲒᲐᲜᲮᲘᲚᲕᲐ" : 5,
    "ᲗᲐᲠᲒᲘ" : 10,
    "ᲗᲐᲠᲒᲘ ᲒᲐᲜᲮᲘᲚᲕᲐ" : 11,
    "ᲗᲐᲠᲒᲘᲡ ᲒᲐᲜᲮᲘᲚᲕᲐ" : 11,
    "ᲙᲐᲢᲔᲒᲝᲠᲘᲐ" : 14,
    "ᲙᲐᲢᲔᲒᲝᲠᲘᲐ ᲒᲐᲜᲮᲘᲚᲕᲐ" : 15,
    "ᲙᲐᲢᲔᲒᲝᲠᲘᲘᲡ ᲒᲐᲜᲮᲘᲚᲕᲐ" : 15,
    "ᲛᲔᲓᲘᲐ" : -2,
    "ᲛᲔᲓᲘᲐᲕᲘᲙᲘ" : 8,
    "ᲛᲔᲓᲘᲐᲕᲘᲙᲘ ᲒᲐᲜᲮᲘᲚᲕᲐ" : 9,
    "ᲛᲔᲓᲘᲐᲕᲘᲙᲘᲡ ᲒᲐᲜᲮᲘᲚᲕᲐ" : 9,
    "ᲛᲝᲓᲣᲚᲘ" : 828,
    "ᲛᲝᲓᲣᲚᲘᲡ ᲒᲐᲜᲮᲘᲚᲕᲐ" : 829,
    "ᲛᲝᲛᲮᲛᲐᲠᲔᲑᲔᲚᲘ" : 2,
    "ᲛᲝᲛᲮᲛᲐᲠᲔᲑᲔᲚᲘ ᲒᲐᲜᲮᲘᲚᲕᲐ" : 3,
    "ᲛᲝᲛᲮᲛᲐᲠᲔᲑᲚᲘᲡ ᲒᲐᲜᲮᲘᲚᲕᲐ" : 3,
    "ᲛᲝᲜᲐᲬᲘᲚᲔ" : 2,
    "ᲛᲝᲜᲐᲬᲘᲚᲘᲡ ᲒᲐᲜᲮᲘᲚᲕᲐ" : 3,
    "ᲞᲝᲠᲢᲐᲚᲘ" : 100,
    "ᲞᲝᲠᲢᲐᲚᲘ ᲒᲐᲜᲮᲘᲚᲕᲐ" : 101,
    "ᲡᲞᲔᲪᲘᲐᲚᲣᲠᲘ" : -1,
    "ᲡᲣᲠᲐᲗᲘ" : 6,
    "ᲡᲣᲠᲐᲗᲘ ᲒᲐᲜᲮᲘᲚᲕᲐ" : 7,
    "ᲤᲐᲘᲚᲘ" : 6,
    "ᲤᲐᲘᲚᲘᲡ ᲒᲐᲜᲮᲘᲚᲕᲐ" : 7
  }
}