{
  "mainpage" : "ASEBTAR AMENZU",
  "namespace" : {
    "" : 0,
    "AMSEQDAC" : 2,
    "AMYANNAN N MEDIAWIKI" : 9,
    "AMYANNAN N TAGGAYT" : 15,
    "AMYANNAN N TALƔA" : 11,
    "AMYANNAN N TALLAT" : 13,
    "AMYANNAN N TALΓA" : 11,
    "AMYANNAN N TUGNA" : 7,
    "AMYANNAN N WIKIPEDIA" : 5,
    "AMYANNAN UMSQEDAC" : 3,
    "AMYANNAN USENFAṚ" : 103,
    "AMYANNAN UWWUR" : 101,
    "ASENFAṚ" : 102,
    "AWWUR" : 100,
    "CATEGORY" : 14,
    "CATEGORY TALK" : 15,
    "DÉFINITION DE GADGET" : 2302,
    "DISCUSSION AIDE" : 13,
    "DISCUSSION CATÉGORIE" : 15,
    "DISCUSSION DÉFINITION DE GADGET" : 2303,
    "DISCUSSION FICHIER" : 7,
    "DISCUSSION GADGET" : 2301,
    "DISCUSSION IMAGE" : 7,
    "DISCUSSION MODÈLE" : 11,
    "DISCUSSION MODULE" : 829,
    "DISCUSSION UTILISATEUR" : 3,
    "DISCUSSION UTILISATRICE" : 3,
    "DISCUTER" : 1,
    "FILE" : 6,
    "FILE TALK" : 7,
    "GADGET" : 2300,
    "GADGET DEFINITION" : 2302,
    "GADGET DEFINITION TALK" : 2303,
    "GADGET TALK" : 2301,
    "HELP" : 12,
    "HELP TALK" : 13,
    "IMAGE" : 6,
    "IMAGE TALK" : 7,
    "MEDIA" : -2,
    "MEDIAWIKI" : 8,
    "MEDIAWIKI TALK" : 9,
    "MMESLAY" : 1,
    "MODULE" : 828,
    "MODULE TALK" : 829,
    "PROJECT" : 4,
    "PROJECT TALK" : 5,
    "SPECIAL" : -1,
    "SUJET" : 2600,
    "TAGGAYT" : 14,
    "TALƔA" : 10,
    "TALK" : 1,
    "TALLAT" : 12,
    "TALΓA" : 10,
    "TEMPLATE" : 10,
    "TEMPLATE TALK" : 11,
    "TIMEDTEXT" : 710,
    "TIMEDTEXT TALK" : 711,
    "TOPIC" : 2600,
    "TUGNA" : 6,
    "USER" : 2,
    "USER TALK" : 3,
    "USLIG" : -1,
    "UTILISATEUR" : 2,
    "UTILISATRICE" : 2,
    "WIKIPEDIA" : 4,
    "WIKIPEDIA TALK" : 5,
    "WP" : 4
  }
}