{
  "mainpage" : "БАСТЫ БЕТ",
  "namespace" : {
    "" : 0,
    "ANIQTAMA" : 12,
    "ANIQTAMA TALQILAWI" : 13,
    "ARNAÝI" : -1,
    "CATEGORY" : 14,
    "CATEGORY TALK" : 15,
    "FILE" : 6,
    "FILE TALK" : 7,
    "GADGET" : 2300,
    "GADGET DEFINITION" : 2302,
    "GADGET DEFINITION TALK" : 2303,
    "GADGET TALK" : 2301,
    "HELP" : 12,
    "HELP TALK" : 13,
    "IMAGE" : 6,
    "IMAGE TALK" : 7,
    "JOBA" : 102,
    "JOBA TALQILAWI" : 103,
    "MEDIA" : -2,
    "MEDIAWIKI" : 8,
    "MEDÏAWÏKÏ" : 8,
    "MEDIAWIKI TALK" : 9,
    "MEDÏAWÏKÏ TALQILAWI" : 9,
    "MODULE" : 828,
    "MODULE TALK" : 829,
    "PROJECT" : 4,
    "PROJECT TALK" : 5,
    "QATISWŞI" : 2,
    "QATISWŞI TALQILAWI" : 3,
    "SANAT" : 14,
    "SANAT TALQILAWI" : 15,
    "SPECIAL" : -1,
    "SWRET" : 6,
    "SWRET TALQILAWI" : 7,
    "TALK" : 1,
    "TALQILAW" : 1,
    "TASPA" : -2,
    "TEMPLATE" : 10,
    "TEMPLATE TALK" : 11,
    "TIMEDTEXT" : 710,
    "TIMEDTEXT TALK" : 711,
    "TOPIC" : 2600,
    "ÜLGI" : 10,
    "ÜLGI TALQILAWI" : 11,
    "USER" : 2,
    "USER TALK" : 3,
    "WIKIPEDIA" : 4,
    "WIKIPEDIA TALK" : 5,
    "WP" : 4,
    "АНЫҚТАМА" : 12,
    "АНЫҚТАМА ТАЛҚЫЛАУЫ" : 13,
    "АРНАЙЫ" : -1,
    "ЖОБА" : 102,
    "ЖОБА ТАЛҚЫЛАУЫ" : 103,
    "ҚАТЫСУШЫ" : 2,
    "ҚАТЫСУШЫ ТАЛҚЫЛАУЫ" : 3,
    "МЕДИАУИКИ" : 8,
    "МЕДИАУИКИ ТАЛҚЫЛАУЫ" : 9,
    "ПОРТАЛ" : 100,
    "ПОРТАЛ ТАЛҚЫЛАУЫ" : 101,
    "САНАТ" : 14,
    "САНАТ ТАЛҚЫЛАУЫ" : 15,
    "СУРЕТ" : 6,
    "СУРЕТ ТАЛҚЫЛАУЫ" : 7,
    "ТАЛҚЫЛАУ" : 1,
    "ТАСПА" : -2,
    "УИКИПЕДИЯ" : 4,
    "УИКИПЕДИЯ TALQILAWI" : 5,
    "УИКИПЕДИЯ ТАЛҚЫЛАУЫ" : 5,
    "УИКИПЕДИЯ تالقىلاۋى" : 5,
    "ҮЛГІ" : 10,
    "ҮЛГІ ТАЛҚЫЛАУЫ" : 11,
    "ٴۇلگٴى" : 10,
    "ٴۇلگٴى تالقىلاۋى" : 11,
    "ٷلگٸ" : 10,
    "ٷلگٸ تالقىلاۋى" : 11,
    "ارنايى" : -1,
    "انىقتاما" : 12,
    "انىقتاما تالقىلاۋى" : 13,
    "تاسپا" : -2,
    "تالقىلاۋ" : 1,
    "جوبا" : 102,
    "جوبا تالقىلاۋى" : 103,
    "سانات" : 14,
    "سانات تالقىلاۋى" : 15,
    "سۋرەت" : 6,
    "سۋرەت تالقىلاۋى" : 7,
    "قاتىسۋشى" : 2,
    "قاتىسۋشى تالقىلاۋى" : 3,
    "مەدىياۋىيكىي" : 8,
    "مەدىياۋىيكىي تالقىلاۋى" : 9,
    "مەدياۋيكي" : 8,
    "مەدياۋيكي تالقىلاۋى" : 9,
    "ۇلگى" : 10,
    "ۇلگى تالقىلاۋى" : 11
  }
}