{
  "mainpage" : "DESTPÊK",
  "namespace" : {
    "" : 0,
    "ALÎKARÎ" : 12,
    "ALÎKARÎ NÎQAŞ" : 13,
    "BIKARHÊNER" : 2,
    "BIKARHÊNER NÎQAŞ" : 3,
    "CATEGORY" : 14,
    "CATEGORY TALK" : 15,
    "FILE" : 6,
    "FILE TALK" : 7,
    "GADGET" : 2300,
    "GADGET DEFINITION" : 2302,
    "GADGET DEFINITION TALK" : 2303,
    "GADGET TALK" : 2301,
    "GOTÛBÊJ" : 1,
    "GOTÛBÊJA ALÎKARIYÊ" : 13,
    "GOTÛBÊJA BIKARHÊNER" : 3,
    "GOTÛBÊJA KATEGORIYÊ" : 15,
    "GOTÛBÊJA MEDIAWIKI" : 9,
    "GOTÛBÊJA MODULÊ" : 829,
    "GOTÛBÊJA PORTALÊ" : 101,
    "GOTÛBÊJA ŞABLONÊ" : 11,
    "GOTÛBÊJA WÊNEYÎ" : 7,
    "GOTÛBÊJA WÎKÎPEDIYAYÊ" : 5,
    "HELP" : 12,
    "HELP TALK" : 13,
    "IMAGE" : 6,
    "IMAGE TALK" : 7,
    "KATEGORÎ" : 14,
    "KATEGORÎ NÎQAŞ" : 15,
    "MEDIA" : -2,
    "MEDIAWIKI" : 8,
    "MEDIAWIKI NÎQAŞ" : 9,
    "MEDIAWIKI TALK" : 9,
    "MEDYA" : -2,
    "MODUL" : 828,
    "MODULE" : 828,
    "MODULE TALK" : 829,
    "NÎQAŞ" : 1,
    "PORTAL" : 100,
    "PORTAL NÎQAŞ" : 101,
    "PROJECT" : 4,
    "PROJECT TALK" : 5,
    "ŞABLON" : 10,
    "ŞABLON NÎQAŞ" : 11,
    "SPECIAL" : -1,
    "TALK" : 1,
    "TAYBET" : -1,
    "TEMPLATE" : 10,
    "TEMPLATE TALK" : 11,
    "TIMEDTEXT" : 710,
    "TIMEDTEXT TALK" : 711,
    "USER" : 2,
    "USER TALK" : 3,
    "WÊNE" : 6,
    "WÊNE NÎQAŞ" : 7,
    "WIKIPEDIA" : 4,
    "WIKIPEDIA TALK" : 5,
    "WÎKÎPEDIYA" : 4,
    "WÎKÎPEDIYA NÎQAŞ" : 5,
    "WP" : 4,
    "ئامراز" : 2300,
    "بەکارھێنەر" : 2,
    "پەڕگە" : 6,
    "پۆل" : 14,
    "پێناسه‌ی ئامراز" : 2302,
    "تایبەت" : -1,
    "داڕێژە" : 10,
    "لێدوانی بەکارھێنەر" : 3,
    "میدیا" : -2,
    "میدیاویکی" : 8,
    "وتووێژ" : 1,
    "وتووێژی ئامراز" : 2301,
    "وتووێژی پەڕگە" : 7,
    "وتووێژی پۆل" : 15,
    "وتووێژی پێناسه‌ی ئامراز" : 2303,
    "وتووێژی داڕێژە" : 11,
    "وتووێژی میدیاویکی" : 9,
    "وتووێژی یارمەتی" : 13,
    "یارمەتی" : 12
  }
}