{
  "mainpage" : "АГЬАММУР ЛАЖИН",
  "namespace" : {
    "" : 0,
    "CATEGORY" : 14,
    "CATEGORY TALK" : 15,
    "FILE" : 6,
    "FILE TALK" : 7,
    "GADGET" : 2300,
    "GADGET DEFINITION" : 2302,
    "GADGET DEFINITION TALK" : 2303,
    "GADGET TALK" : 2301,
    "HELP" : 12,
    "HELP TALK" : 13,
    "IMAGE" : 6,
    "IMAGE TALK" : 7,
    "MEDIA" : -2,
    "MEDIAWIKI" : 8,
    "MEDIAWIKI TALK" : 9,
    "MEDIAWIKIЛИЯССА ИХТИЛАТ" : 9,
    "MODULE" : 828,
    "MODULE TALK" : 829,
    "PROJECT" : 4,
    "PROJECT TALK" : 5,
    "SPECIAL" : -1,
    "TALK" : 1,
    "TEMPLATE" : 10,
    "TEMPLATE TALK" : 11,
    "TIMEDTEXT" : 710,
    "TIMEDTEXT TALK" : 711,
    "USER" : 2,
    "USER TALK" : 3,
    "WIKIPEDIA" : 4,
    "WIKIPEDIA TALK" : 5,
    "WP" : 4,
    "ВИКИПЕДИЯ" : 4,
    "ВИКИПЕДИЯЛИЯССА ИХТИЛАТ" : 5,
    "ГАДЖЕТ" : 2300,
    "ГЬУРТТУ ХЬУМА" : 2,
    "ГЬУРТТУ ХЬУМИННАЛ ИХТИЛАТ" : 3,
    "ИЗОБРАЖЕНИЕ" : 6,
    "ИХТИЛАТ" : 1,
    "КАТЕГОРИЯ" : 14,
    "КАТЕГОРИЯЛИЯССА ИХТИЛАТ" : 15,
    "КУМАГ" : 12,
    "КУМАГРАЯССА ИХТИЛАТ" : 13,
    "КЪУЛЛУГЪИРАЛ ЛАЖИН" : -1,
    "МЕДИА" : -2,
    "МОДУЛЬ" : 828,
    "ОБСУЖДЕНИЕ ГАДЖЕТА" : 2301,
    "ОБСУЖДЕНИЕ ИЗОБРАЖЕНИЯ" : 7,
    "ОБСУЖДЕНИЕ МОДУЛЯ" : 829,
    "ОБСУЖДЕНИЕ ОПРЕДЕЛЕНИЯ ГАДЖЕТА" : 2303,
    "ОПРЕДЕЛЕНИЕ ГАДЖЕТА" : 2302,
    "СУРАТ" : 6,
    "СУРАТРАЯССА ИХТИЛАТ" : 7,
    "ШАБЛОН" : 10,
    "ШАБЛОНДАЛИЯССА ИХТИЛАТ" : 11
  }
}