{
  "mainpage" : "PAGINA PRINCIPALA",
  "namespace" : {
    "" : 0,
    "ACCESSORIO" : 2300,
    "AIDA" : 12,
    "AIUTO" : 12,
    "AJUTO" : 12,
    "ARCHIVI" : 6,
    "CATEGORIA" : 14,
    "CATEGORY" : 14,
    "CATEGORY TALK" : 15,
    "CATEGURIA" : 14,
    "CICIARADA" : 1,
    "CICIARADA AIDA" : 13,
    "CICIARADA ARCHIVI" : 7,
    "CICIARADA CATEGORIA" : 15,
    "CICIARADA CATEGURIA" : 15,
    "CICIARADA DOVRAT" : 3,
    "CICIARADA DRUVADUR" : 3,
    "CICIARADA DRUVAT" : 3,
    "CICIARADA JUT" : 13,
    "CICIARADA JÜT" : 13,
    "CICIARADA MEDIAWIKI" : 9,
    "CICIARADA MODEL" : 11,
    "CICIARADA MODELL" : 11,
    "CICIARADA MÒDUL" : 829,
    "CICIARADA MUDEL" : 11,
    "CICIARADA PORTAL" : 101,
    "CICIARADA UTENT" : 3,
    "CICIARADA WIKIPEDIA" : 5,
    "DEFINIZIONE ACCESSORIO" : 2302,
    "DISCUSION IMÀJINE" : 7,
    "DISCUSSION" : 1,
    "DISCUSSION AIUTO" : 13,
    "DISCUSSION AJUTO" : 13,
    "DISCUSSION CATEGORIA" : 15,
    "DISCUSSION FILE" : 7,
    "DISCUSSION IMAGINE" : 7,
    "DISCUSSION MEDIAWIKI" : 9,
    "DISCUSSION MODÈL" : 11,
    "DISCUSSION TEMPLATE" : 11,
    "DISCUSSION UTENTE" : 3,
    "DISCUSSION WIKIPEDIA" : 5,
    "DISCUSSIONE" : 1,
    "DISCUSSIONI ACCESSORIO" : 2301,
    "DISCUSSIONI AIUTO" : 13,
    "DISCUSSIONI CATEGORIA" : 15,
    "DISCUSSIONI DEFINIZIONE ACCESSORIO" : 2303,
    "DISCUSSIONI FILE" : 7,
    "DISCUSSIONI IMMAGINE" : 7,
    "DISCUSSIONI MEDIAWIKI" : 9,
    "DISCUSSIONI TEMPLATE" : 11,
    "DISCUSSIONI UTENTE" : 3,
    "DISCUSSIONI WIKIPEDIA" : 5,
    "DOVRAT" : 2,
    "DRUVADUR" : 2,
    "DRUVAT" : 2,
    "FILE" : 6,
    "FILE TALK" : 7,
    "GADGET" : 2300,
    "GADGET DEFINITION" : 2302,
    "GADGET DEFINITION TALK" : 2303,
    "GADGET TALK" : 2301,
    "HELP" : 12,
    "HELP TALK" : 13,
    "IMAGE" : 6,
    "IMAGE TALK" : 7,
    "IMÀJINE" : 6,
    "IMMAGINE" : 6,
    "JUT" : 12,
    "JÜT" : 12,
    "MEDIA" : -2,
    "MEDIAWIKI" : 8,
    "MEDIAWIKI TALK" : 9,
    "MODEL" : 10,
    "MODÈL" : 10,
    "MODELL" : 10,
    "MÒDUL" : 828,
    "MODULE" : 828,
    "MODULE TALK" : 829,
    "MUDEL" : 10,
    "PORTAL" : 100,
    "PROJECT" : 4,
    "PROJECT TALK" : 5,
    "SPECIAL" : -1,
    "SPECIALE" : -1,
    "TALK" : 1,
    "TEMPLATE" : 10,
    "TEMPLATE TALK" : 11,
    "TIMEDTEXT" : 710,
    "TIMEDTEXT TALK" : 711,
    "USER" : 2,
    "USER TALK" : 3,
    "UTENT" : 2,
    "UTENTE" : 2,
    "WIKIPEDIA" : 4,
    "WIKIPEDIA CICIARADA" : 5,
    "WIKIPEDIA TALK" : 5,
    "WP" : 4
  }
}