{
  "mainpage" : "ໜ້າຫຼັກ",
  "namespace" : {
    "" : 0,
    "CATEGORY" : 14,
    "CATEGORY TALK" : 15,
    "FILE" : 6,
    "FILE TALK" : 7,
    "GADGET" : 2300,
    "GADGET DEFINITION" : 2302,
    "GADGET DEFINITION TALK" : 2303,
    "GADGET TALK" : 2301,
    "HELP" : 12,
    "HELP TALK" : 13,
    "IMAGE" : 6,
    "IMAGE TALK" : 7,
    "MEDIA" : -2,
    "MEDIAWIKI" : 8,
    "MEDIAWIKI TALK" : 9,
    "MODULE" : 828,
    "MODULE TALK" : 829,
    "PROJECT" : 4,
    "PROJECT TALK" : 5,
    "SPECIAL" : -1,
    "TALK" : 1,
    "TEMPLATE" : 10,
    "TEMPLATE TALK" : 11,
    "TIMEDTEXT" : 710,
    "TIMEDTEXT TALK" : 711,
    "USER" : 2,
    "USER TALK" : 3,
    "WIKIPEDIA" : 4,
    "WIKIPEDIA TALK" : 5,
    "WP" : 4,
    "ສື່" : -2,
    "ສື່ອ" : -2,
    "ສົນທະນາ" : 1,
    "ສົນທະນາກ່ຽວກັບຊ່ວຍເຫຼືອ" : 13,
    "ສົນທະນາກ່ຽວກັບມີເດຍວິກິ" : 9,
    "ສົນທະນາກ່ຽວກັບແມ່ແບບ" : 11,
    "ສົນທະນາກ່ຽວກັບວິກິພີເດຍ" : 5,
    "ສົນທະນາກ່ຽວກັບໝວດ" : 15,
    "ສົນທະນາກ່ຽວກັບຮູບ" : 7,
    "ສົນທະນາຂອງຜູ້ໃຊ້" : 3,
    "ຊ່ວຍເຫຼືອ" : 12,
    "ຜູ້ໃຊ້" : 2,
    "ພິເສດ" : -1,
    "ມີເດຍວິກິ" : 8,
    "ແມ່ແບບ" : 10,
    "ວິກິພີເດຍ" : 4,
    "ໝວດ" : 14,
    "ຮູບ" : 6
  }
}