{
  "mainpage" : "सम्मुख पन्ना",
  "namespace" : {
    "" : 0,
    "CA" : 14,
    "CATEGORY" : 14,
    "CATEGORY TALK" : 15,
    "CT" : 15,
    "FILE" : 6,
    "FILE TALK" : 7,
    "GADGET" : 2300,
    "GADGET DEFINITION" : 2302,
    "GADGET DEFINITION TALK" : 2303,
    "GADGET TALK" : 2301,
    "HELP" : 12,
    "HELP TALK" : 13,
    "IMAGE" : 6,
    "IMAGE TALK" : 7,
    "MEDIA" : -2,
    "MEDIAWIKI" : 8,
    "MEDIAWIKI TALK" : 9,
    "MODULE" : 828,
    "MODULE TALK" : 829,
    "PROJECT" : 4,
    "PROJECT TALK" : 5,
    "SPECIAL" : -1,
    "TALK" : 1,
    "TEMPLATE" : 10,
    "TEMPLATE TALK" : 11,
    "TIMEDTEXT" : 710,
    "TIMEDTEXT TALK" : 711,
    "U" : 2,
    "USER" : 2,
    "USER TALK" : 3,
    "UT" : 3,
    "WIKIPEDIA" : 4,
    "WIKIPEDIA TALK" : 5,
    "WP" : 4,
    "WT" : 5,
    "आ" : 10,
    "आ वा" : 11,
    "आकृति" : 10,
    "आकृति वार्ता" : 11,
    "गैजेट" : 2300,
    "गैजेट परिभाषा" : 2302,
    "गैजेट परिभाषा वार्ता" : 2303,
    "गैजेट वार्ता" : 2301,
    "प्र" : 2,
    "प्र वा" : 3,
    "प्रयोगकर्ता" : 2,
    "प्रयोगकर्ता वार्ता" : 3,
    "फाइल" : 6,
    "फाइल वार्ता" : 7,
    "मद्दत" : 12,
    "मद्दत वार्ता" : 13,
    "मेडिया" : -2,
    "मेडियाविकि" : 8,
    "मेडियाविकि वार्ता" : 9,
    "मोड्युल" : 828,
    "मोड्युल वार्ता" : 829,
    "वार्ता" : 1,
    "वि" : 4,
    "वि वा" : 5,
    "विकिपिडिया" : 4,
    "विकिपिडिया वार्ता" : 5,
    "विशेष" : -1,
    "श्रेणी" : 14,
    "श्रेणी वार्ता" : 15
  }
}