{
  "mainpage" : "LAMAN UTAMO",
  "namespace" : {
    "" : 0,
    "BANTUAN" : 12,
    "BANTUAN PEMBICARAAN" : 13,
    "BERKAS" : 6,
    "BICARA" : 1,
    "BICARA PENGGUNA" : 3,
    "CATEGORY" : 14,
    "CATEGORY TALK" : 15,
    "DISKUSI PORTAL" : 101,
    "FILE" : 6,
    "FILE TALK" : 7,
    "GADGET" : 2300,
    "GADGET DEFINITION" : 2302,
    "GADGET DEFINITION TALK" : 2303,
    "GADGET TALK" : 2301,
    "GAMBAR" : 6,
    "GAMBAR PEMBICARAAN" : 7,
    "HELP" : 12,
    "HELP TALK" : 13,
    "IMAGE" : 6,
    "IMAGE TALK" : 7,
    "ISTIMEWA" : -1,
    "KATEGORI" : 14,
    "KATEGORI PEMBICARAAN" : 15,
    "MAOTA" : 1,
    "MEDIA" : -2,
    "MEDIAWIKI" : 8,
    "MEDIAWIKI PEMBICARAAN" : 9,
    "MEDIAWIKI TALK" : 9,
    "MODUL" : 828,
    "MODULE" : 828,
    "MODULE TALK" : 829,
    "PANGGUNO" : 2,
    "PEMBICARAAN" : 1,
    "PEMBICARAAN BANTUAN" : 13,
    "PEMBICARAAN BERKAS" : 7,
    "PEMBICARAAN GAMBAR" : 7,
    "PEMBICARAAN KATEGORI" : 15,
    "PEMBICARAAN MEDIAWIKI" : 9,
    "PEMBICARAAN PENGGUNA" : 3,
    "PEMBICARAAN TEMPLAT" : 11,
    "PEMBICARAAN WIKIPEDIA" : 5,
    "PENGGUNA" : 2,
    "PORTAL" : 100,
    "PROJECT" : 4,
    "PROJECT TALK" : 5,
    "RUNDIANG" : 1,
    "RUNDIANG BANTUAN" : 13,
    "RUNDIANG BERKAS" : 7,
    "RUNDIANG KATEGORI" : 15,
    "RUNDIANG MEDIAWIKI" : 9,
    "RUNDIANG MODUL" : 829,
    "RUNDIANG PANGGUNO" : 3,
    "RUNDIANG TEMPLAT" : 11,
    "RUNDIANG WIKIPEDIA" : 5,
    "SPECIAL" : -1,
    "TALK" : 1,
    "TEMPLAT" : 10,
    "TEMPLAT PEMBICARAAN" : 11,
    "TEMPLATE" : 10,
    "TEMPLATE TALK" : 11,
    "TIMEDTEXT" : 710,
    "TIMEDTEXT TALK" : 711,
    "USER" : 2,
    "USER TALK" : 3,
    "WIKIPEDIA" : 4,
    "WIKIPEDIA TALK" : 5,
    "WP" : 4
  }
}