{
  "mainpage" : "ꯃꯔꯨꯑꯣꯏꯕ ꯂꯃꯥꯏ",
  "namespace" : {
    "" : 0,
    "CATEGORY" : 14,
    "CATEGORY TALK" : 15,
    "FILE" : 6,
    "FILE TALK" : 7,
    "GADGET" : 2300,
    "GADGET DEFINITION" : 2302,
    "GADGET DEFINITION TALK" : 2303,
    "GADGET TALK" : 2301,
    "HELP" : 12,
    "HELP TALK" : 13,
    "IMAGE" : 6,
    "IMAGE TALK" : 7,
    "MEDIA" : -2,
    "MEDIAWIKI" : 8,
    "MEDIAWIKI TALK" : 9,
    "MODULE" : 828,
    "MODULE TALK" : 829,
    "PROJECT" : 4,
    "PROJECT TALK" : 5,
    "SPECIAL" : -1,
    "TALK" : 1,
    "TEMPLATE" : 10,
    "TEMPLATE TALK" : 11,
    "TIMEDTEXT" : 710,
    "TIMEDTEXT TALK" : 711,
    "USER" : 2,
    "USER TALK" : 3,
    "WIKIPEDIA" : 4,
    "WIKIPEDIA TALK" : 5,
    "WP" : 4,
    "ꯁꯤꯖꯤꯟꯅꯔꯤꯕ" : 2,
    "ꯁꯤꯖꯤꯟꯅꯔꯤꯕ ꯋꯥ ꯍꯥꯏꯐꯝ" : 3,
    "ꯃꯆꯥꯈꯥꯏꯕ" : 14,
    "ꯃꯆꯥꯈꯥꯏꯕ ꯋꯥ ꯍꯥꯏꯐꯝ" : 15,
    "ꯃꯇꯦꯡ" : 12,
    "ꯃꯇꯦꯡ ꯋꯥ ꯍꯥꯏꯐꯝ" : 13,
    "ꯃꯦꯗꯤꯌꯥ" : -2,
    "ꯃꯦꯗꯤꯌꯥꯋꯤꯀꯤ" : 8,
    "ꯃꯦꯗꯤꯌꯥꯋꯤꯀꯤ ꯋꯥ ꯍꯥꯏꯐꯝ" : 9,
    "ꯇꯦꯝꯄ꯭ꯂꯦꯠ" : 10,
    "ꯇꯦꯝꯄ꯭ꯂꯦꯠ ꯋꯥ ꯍꯥꯏꯐꯝ" : 11,
    "ꯋꯤꯀꯤꯄꯦꯗꯤꯌꯥ" : 4,
    "ꯋꯤꯀꯤꯄꯦꯗꯤꯌꯥ ꯋꯥ ꯍꯥꯏꯐꯝ" : 5,
    "ꯋꯥ ꯍꯥꯏꯐꯝ" : 1,
    "ꯐꯥꯏꯜ" : 6,
    "ꯐꯥꯏꯜ ꯋꯥ ꯍꯥꯏꯐꯝ" : 7,
    "ꯑꯈꯟꯅꯕ" : -1
  }
}