{
  "mainpage" : "မုက်လိက်တမ်",
  "namespace" : {
    "" : 0,
    "CATEGORY" : 14,
    "CATEGORY TALK" : 15,
    "FILE" : 6,
    "FILE TALK" : 7,
    "GADGET" : 2300,
    "GADGET DEFINITION" : 2302,
    "GADGET DEFINITION TALK" : 2303,
    "GADGET TALK" : 2301,
    "HELP" : 12,
    "HELP TALK" : 13,
    "IMAGE" : 6,
    "IMAGE TALK" : 7,
    "MEDIA" : -2,
    "MEDIAWIKI" : 8,
    "MEDIAWIKI TALK" : 9,
    "MODULE" : 828,
    "MODULE TALK" : 829,
    "PORTAL" : 100,
    "PORTAL TALK" : 101,
    "PROJECT" : 4,
    "PROJECT TALK" : 5,
    "SPECIAL" : -1,
    "TALK" : 1,
    "TEMPLATE" : 10,
    "TEMPLATE TALK" : 11,
    "TIMEDTEXT" : 710,
    "TIMEDTEXT TALK" : 711,
    "USER" : 2,
    "USER TALK" : 3,
    "WIKIPEDIA" : 4,
    "WIKIPEDIA TALK" : 5,
    "WP" : 4,
    "ကဏ္ဍ" : 14,
    "ကဏ္ဍ ဓရီုကျာ" : 15,
    "ကိရိယာ" : 2300,
    "ကိရိယာ ဓရီုကျာ" : 2301,
    "ကိရိယာ ပွံက်အဓိပ္ပါယ်" : 2302,
    "ကိရိယာ ပွံက်အဓိပ္ပါယ် ဓရီုကျာ" : 2303,
    "ညးလွပ်" : 2,
    "ညးလွပ် ဓရီုကျာ" : 3,
    "တၟေင်" : -1,
    "ထာမ်ပလိက်" : 10,
    "ထာမ်ပလိက် ဓရီုကျာ" : 11,
    "ဓရီုကျာ" : 1,
    "ပါင်မုက်" : 100,
    "ပါင်မုက် ဓရီုကျာ" : 101,
    "မဝ်ဂျူ" : 828,
    "မဝ်ဂျူ ဓရီုကျာ" : 829,
    "မဳဒဳယာ" : -2,
    "မဳဒဳယာဝဳကဳ" : 8,
    "မဳဒဳယာဝဳကဳ ဓရီုကျာ" : 9,
    "ရီု" : 12,
    "ရီု ဓရီုကျာ" : 13,
    "ဝှာင်" : 6,
    "ဝှာင် ဓရီုကျာ" : 7,
    "ဝဳကဳပဳဒဳယာ" : 4,
    "ဝဳကဳပဳဒဳယာ ဓရီုကျာ" : 5
  }
}