{
  "mainpage" : "BIQUIPÉDIA:PÁIGINA PERCIPAL",
  "namespace" : {
    "" : 0,
    "AJUDA" : 12,
    "AJUDA DISCUSSÃO" : 13,
    "ARQUIVO" : 6,
    "ARQUIVO DISCUSSÃO" : 7,
    "BIQUI" : 8,
    "BIQUIPÉDIA" : 4,
    "BIQUIPÉDIA CUMBERSA" : 5,
    "BIQUIPÉDIA DISCUSSÃO" : 5,
    "BP" : 4,
    "CATADORIE" : 14,
    "CATEGORIA" : 14,
    "CATEGORIA DISCUSSÃO" : 15,
    "CATEGORY" : 14,
    "CATEGORY TALK" : 15,
    "CUMBERSA" : 1,
    "CUMBERSA AJUDA" : 13,
    "CUMBERSA BIQUI" : 9,
    "CUMBERSA BIQUIPÉDIA" : 5,
    "CUMBERSA CATADORIE" : 15,
    "CUMBERSA DEFENIÇON GADGET" : 2303,
    "CUMBERSA FEXEIRO" : 7,
    "CUMBERSA GADGET" : 2301,
    "CUMBERSA MODELO" : 11,
    "CUMBERSA MÓDULO" : 829,
    "CUMBERSA OUTELIZADOR" : 3,
    "CUMBERSA OUTELIZADOR(A)" : 3,
    "CUMBERSA OUTELIZADORA" : 3,
    "CUMBERSA PORTAL" : 101,
    "DEFENIÇON GADGET" : 2302,
    "DISCUSSÃO" : 1,
    "ESPECIAL" : -1,
    "FEXEIRO" : 6,
    "FICHEIRO" : 6,
    "FICHEIRO DISCUSSÃO" : 7,
    "FILE" : 6,
    "FILE TALK" : 7,
    "GADGET" : 2300,
    "GADGET DEFINITION" : 2302,
    "GADGET DEFINITION TALK" : 2303,
    "GADGET TALK" : 2301,
    "HELP" : 12,
    "HELP TALK" : 13,
    "IMAGE" : 6,
    "IMAGE TALK" : 7,
    "IMAGEM" : 6,
    "IMAGEM DISCUSSÃO" : 7,
    "MEDIA" : -2,
    "MEDIAWIKI" : 8,
    "MEDIAWIKI DISCUSSÃO" : 9,
    "MEDIAWIKI TALK" : 9,
    "MODELO" : 10,
    "MODULE" : 828,
    "MODULE TALK" : 829,
    "MÓDULO" : 828,
    "MULTIMÉDIA" : -2,
    "OUTELIZADOR" : 2,
    "OUTELIZADOR(A)" : 2,
    "OUTELIZADORA" : 2,
    "PORTAL" : 100,
    "PREDEFINIÇÃO" : 10,
    "PREDEFINIÇÃO DISCUSSÃO" : 11,
    "PROJECT" : 4,
    "PROJECT TALK" : 5,
    "SPECIAL" : -1,
    "TALK" : 1,
    "TEMPLATE" : 10,
    "TEMPLATE TALK" : 11,
    "TIMEDTEXT" : 710,
    "TIMEDTEXT TALK" : 711,
    "USER" : 2,
    "USER TALK" : 3,
    "USUÁRIA" : 2,
    "USUÁRIA DISCUSSÃO" : 3,
    "USUÁRIO" : 2,
    "USUÁRIO DISCUSSÃO" : 3,
    "USUÁRIO(A)" : 2,
    "USUÁRIO(A) DISCUSSÃO" : 3,
    "UTILIZADOR" : 2,
    "UTILIZADOR(A)" : 2,
    "UTILIZADOR(A) DISCUSSÃO" : 3,
    "UTILIZADORA" : 2,
    "WIKIPEDIA" : 4,
    "WIKIPEDIA CUMBERSA" : 5,
    "WIKIPEDIA TALK" : 5,
    "WP" : 4
  }
}