{
  "mainpage" : "ПРЯВТЛОПА",
  "namespace" : {
    "" : 0,
    "CATEGORY" : 14,
    "CATEGORY TALK" : 15,
    "FILE" : 6,
    "FILE TALK" : 7,
    "GADGET" : 2300,
    "GADGET DEFINITION" : 2302,
    "GADGET DEFINITION TALK" : 2303,
    "GADGET TALK" : 2301,
    "HELP" : 12,
    "HELP TALK" : 13,
    "IMAGE" : 6,
    "IMAGE TALK" : 7,
    "MEDIA" : -2,
    "MEDIAWIKI" : 8,
    "MEDIAWIKI TALK" : 9,
    "MEDIAWIKI-НЬ КОРТАМОСЬ" : 9,
    "MODULE" : 828,
    "MODULE TALK" : 829,
    "PROJECT" : 4,
    "PROJECT TALK" : 5,
    "SPECIAL" : -1,
    "TALK" : 1,
    "TEMPLATE" : 10,
    "TEMPLATE TALK" : 11,
    "TIMEDTEXT" : 710,
    "TIMEDTEXT TALK" : 711,
    "USER" : 2,
    "USER TALK" : 3,
    "WIKIPEDIA" : 4,
    "WIKIPEDIA TALK" : 5,
    "WP" : 4,
    "АРТОВКС" : 6,
    "АРТОВКСТО КОРТАМОСЬ" : 7,
    "БАШКА ТЕВЕНЬ" : -1,
    "ВИКИПЕДИЯСЬ" : 4,
    "ВИКИПЕДИЯСЬ КОРТАМОСЬ" : 5,
    "ГАДЖЕТ" : 2300,
    "ИЗОБРАЖЕНИЕ" : 6,
    "КАТЕГОРИЯ" : 14,
    "КАТЕГОРИЯДО КОРТАМОСЬ" : 15,
    "КОРТАМО" : 1,
    "ЛЕЗКС" : 12,
    "ЛЕЗКСТЭ КОРТАМОСЬ" : 13,
    "ЛОПАПАРЦУН" : 10,
    "ЛОПАПАРЦУНДО КОРТАМОСЬ" : 11,
    "МЕДИЯ" : -2,
    "МОДУЛЬ" : 828,
    "ОБСУЖДЕНИЕ" : 1,
    "ОБСУЖДЕНИЕ MEDIAWIKI" : 9,
    "ОБСУЖДЕНИЕ ВИКИПЕДИЯСЬ" : 5,
    "ОБСУЖДЕНИЕ ГАДЖЕТА" : 2301,
    "ОБСУЖДЕНИЕ ИЗОБРАЖЕНИЯ" : 7,
    "ОБСУЖДЕНИЕ КАТЕГОРИИ" : 15,
    "ОБСУЖДЕНИЕ МОДУЛЯ" : 829,
    "ОБСУЖДЕНИЕ ОПРЕДЕЛЕНИЯ ГАДЖЕТА" : 2303,
    "ОБСУЖДЕНИЕ СПРАВКИ" : 13,
    "ОБСУЖДЕНИЕ УЧАСТНИКА" : 3,
    "ОБСУЖДЕНИЕ ШАБЛОНА" : 11,
    "ОПРЕДЕЛЕНИЕ ГАДЖЕТА" : 2302,
    "СЛУЖЕБНАЯ" : -1,
    "СПРАВКА" : 12,
    "ТЕИЦЯ" : 2,
    "ТЕИЦЯНЬ КОРТАМОСЬ" : 3,
    "УЧАСТНИК" : 2,
    "ШАБЛОН" : 10
  }
}