{
  "mainpage" : "OLAYAMA",
  "namespace" : {
    "" : 0,
    "BANTUAN PEMBICARAAN" : 13,
    "BERKAS" : 6,
    "BICARA" : 1,
    "BICARA PENGGUNA" : 3,
    "CATEGORY" : 14,
    "CATEGORY TALK" : 15,
    "FANOLO" : 12,
    "FILE" : 6,
    "FILE TALK" : 7,
    "GADGET" : 2300,
    "GADGET DEFINITION" : 2302,
    "GADGET DEFINITION TALK" : 2303,
    "GADGET TALK" : 2301,
    "GAMBAR" : 6,
    "GAMBAR PEMBICARAAN" : 7,
    "HELP" : 12,
    "HELP TALK" : 13,
    "HUHUO" : 1,
    "HUHUO BERKAS" : 7,
    "HUHUO KATEGORI" : 15,
    "HUHUO MEDIAWIKI" : 9,
    "HUHUO PORTAL" : 101,
    "HUHUO TEMPLAT" : 11,
    "HUHUO WANOLO" : 13,
    "HUHUO WIKIPEDIA" : 5,
    "HUHUO ZANGOGUNA" : 3,
    "IMAGE" : 6,
    "IMAGE TALK" : 7,
    "KATEGORI" : 14,
    "KATEGORI PEMBICARAAN" : 15,
    "MEDIA" : -2,
    "MEDIAWIKI" : 8,
    "MEDIAWIKI PEMBICARAAN" : 9,
    "MEDIAWIKI TALK" : 9,
    "MODUL" : 828,
    "MODULE" : 828,
    "MODULE TALK" : 829,
    "PEMBICARAAN GAMBAR" : 7,
    "PEMBICARAAN MODUL" : 829,
    "PORTAL" : 100,
    "PROJECT" : 4,
    "PROJECT TALK" : 5,
    "SANGOGUNA" : 2,
    "SI TOHUDE" : -1,
    "SPECIAL" : -1,
    "SPESIAL" : -1,
    "TALK" : 1,
    "TEMPLAT" : 10,
    "TEMPLAT PEMBICARAAN" : 11,
    "TEMPLATE" : 10,
    "TEMPLATE TALK" : 11,
    "TIMEDTEXT" : 710,
    "TIMEDTEXT TALK" : 711,
    "USER" : 2,
    "USER TALK" : 3,
    "WIKIPEDIA" : 4,
    "WIKIPEDIA TALK" : 5,
    "WP" : 4
  }
}