{
  "mainpage" : "HOVUDSIDE",
  "namespace" : {
    "" : 0,
    "BILDE" : 6,
    "BILDEDISKUSJON" : 7,
    "BRUKAR" : 2,
    "BRUKARDISKUSJON" : 3,
    "CATEGORY" : 14,
    "CATEGORY TALK" : 15,
    "DISKUSJON" : 1,
    "FIL" : 6,
    "FILDISKUSJON" : 7,
    "FILE" : 6,
    "FILE TALK" : 7,
    "FILPEIKAR" : -2,
    "GADGET" : 2300,
    "GADGET DEFINITION" : 2302,
    "GADGET DEFINITION TALK" : 2303,
    "GADGET TALK" : 2301,
    "HELP" : 12,
    "HELP TALK" : 13,
    "HJELP" : 12,
    "HJELPDISKUSJON" : 13,
    "IMAGE" : 6,
    "IMAGE TALK" : 7,
    "KATEGORI" : 14,
    "KATEGORIDISKUSJON" : 15,
    "MAL" : 10,
    "MALDISKUSJON" : 11,
    "MEDIA" : -2,
    "MEDIAWIKI" : 8,
    "MEDIAWIKI TALK" : 9,
    "MEDIAWIKI-DISKUSJON" : 9,
    "MODUL" : 828,
    "MODULDISKUSJON" : 829,
    "MODULE" : 828,
    "MODULE TALK" : 829,
    "PROJECT" : 4,
    "PROJECT TALK" : 5,
    "SPECIAL" : -1,
    "SPESIAL" : -1,
    "TALK" : 1,
    "TEMA" : 100,
    "TEMADISKUSJON" : 101,
    "TEMPLATE" : 10,
    "TEMPLATE TALK" : 11,
    "TIMEDTEXT" : 710,
    "TIMEDTEXT TALK" : 711,
    "USER" : 2,
    "USER TALK" : 3,
    "WIKIPEDIA" : 4,
    "WIKIPEDIA TALK" : 5,
    "WIKIPEDIA-DISKUSJON" : 5,
    "WP" : 4
  }
}