{
  "mainpage" : "ߓߏ߬ߟߏ߲߬ߘߊ",
  "namespace" : {
    "" : 0,
    "CATEGORY" : 14,
    "CATEGORY TALK" : 15,
    "FILE" : 6,
    "FILE TALK" : 7,
    "GADGET" : 2300,
    "GADGET DEFINITION" : 2302,
    "GADGET DEFINITION TALK" : 2303,
    "GADGET TALK" : 2301,
    "HELP" : 12,
    "HELP TALK" : 13,
    "IMAGE" : 6,
    "IMAGE TALK" : 7,
    "MEDIA" : -2,
    "MEDIAWIKI" : 8,
    "MEDIAWIKI TALK" : 9,
    "MODULE" : 828,
    "MODULE TALK" : 829,
    "PROJECT" : 4,
    "PROJECT TALK" : 5,
    "SPECIAL" : -1,
    "TALK" : 1,
    "TEMPLATE" : 10,
    "TEMPLATE TALK" : 11,
    "TIMEDTEXT" : 710,
    "TIMEDTEXT TALK" : 711,
    "USER" : 2,
    "USER TALK" : 3,
    "WIKIPEDIA" : 4,
    "WIKIPEDIA TALK" : 5,
    "WP" : 4,
    "ߗߋ߬ߞߙߊߞߏ" : 828,
    "ߗߋ߬ߞߙߊߞߏ ߢߊߝߐߞߣߍ" : 829,
    "ߞߐߕߐ߮" : 6,
    "ߞߐߕߐ߮ ߢߊߝߐߞߣߍ" : 7,
    "ߞߙߊߞߏ" : 10,
    "ߞߙߊߞߏ ߢߊߝߐߞߣߍ" : 11,
    "ߞߙߍߞߙߍߣߍ߲" : -1,
    "ߟߊߓߊ߯ߙߟߊ" : 2,
    "ߟߊߓߊ߯ߙߟߊ ߟߊ߫ ߢߊߝߐߞߣߍ" : 3,
    "ߟߊߛߋߢߊߥߙߍ" : -2,
    "ߡߊ߬ߘߍ߬ߡߍ߲߬ߠߌ߲" : 12,
    "ߡߊ߬ߘߍ߬ߡߍ߲߬ߠߌ߲ ߢߊߝߐߞߣߍ" : 13,
    "ߡߘߌߦߊߥߞߌ" : 8,
    "ߡߘߌߦߊߥߞߌ ߢߊߝߐߞߣߍ" : 9,
    "ߢߊߝߐߞߣߍ" : 1,
    "ߥߞߌߔߘߋߞߎ" : 4,
    "ߥߞߌߔߘߋߞߎ ߢߊߝߐߞߣߍ" : 5,
    "ߦߌߟߡߊ" : 14,
    "ߦߌߟߡߊ ߢߊߝߐߞߣߍ" : 15
  }
}