{
  "mainpage" : "СÆЙРАГ ФАРС",
  "namespace" : {
    "" : 0,
    "ÆХХУЫС" : 12,
    "ÆХХУЫСЫ ТÆРХОН" : 13,
    "ÆХХУЫСЫ ТЫХХÆЙ ДИСКУССИ" : 13,
    "CATEGORY" : 14,
    "CATEGORY TALK" : 15,
    "FILE" : 6,
    "FILE TALK" : 7,
    "GADGET" : 2300,
    "GADGET DEFINITION" : 2302,
    "GADGET DEFINITION TALK" : 2303,
    "GADGET TALK" : 2301,
    "HELP" : 12,
    "HELP TALK" : 13,
    "IMAGE" : 6,
    "IMAGE TALK" : 7,
    "MEDIA" : -2,
    "MEDIAWIKI" : 8,
    "MEDIAWIKI TALK" : 9,
    "MEDIAWIKI-ЙЫ ТÆРХОН" : 9,
    "MODULE" : 828,
    "MODULE TALK" : 829,
    "PROJECT" : 4,
    "PROJECT TALK" : 5,
    "SPECIAL" : -1,
    "TALK" : 1,
    "TEMPLATE" : 10,
    "TEMPLATE TALK" : 11,
    "TIMEDTEXT" : 710,
    "TIMEDTEXT TALK" : 711,
    "USER" : 2,
    "USER TALK" : 3,
    "WIKIPEDIA" : 4,
    "WIKIPEDIA TALK" : 5,
    "WP" : 4,
    "АРХАЙÆГ" : 2,
    "АРХАЙÆДЖЫ ДИСКУССИ" : 3,
    "АРХАЙÆДЖЫ НЫХАС" : 3,
    "ВИКИПЕДИ" : 4,
    "ВИКИПЕДИЙЫ ТÆРХОН" : 5,
    "ГАДЖЕТ" : 2300,
    "ДИСКУССИ" : 1,
    "ДИСКУССИ MEDIAWIKI" : 9,
    "ДИСКУССИ ВИКИПЕДИ" : 5,
    "ИЗОБРАЖЕНИЕ" : 6,
    "КАТЕГОРИ" : 14,
    "КАТЕГОРИЙЫ ТÆРХОН" : 15,
    "КАТЕГОРИЙЫ ТЫХХÆЙ ДИСКУССИ" : 15,
    "МЕДИА" : -2,
    "МОДУЛЬ" : 828,
    "НЫВ" : 6,
    "НЫВЫ ТÆРХОН" : 7,
    "НЫВЫ ТЫХХÆЙ ДИСКУССИ" : 7,
    "ОБСУЖДЕНИЕ ГАДЖЕТА" : 2301,
    "ОБСУЖДЕНИЕ ИЗОБРАЖЕНИЯ" : 7,
    "ОБСУЖДЕНИЕ МОДУЛЯ" : 829,
    "ОБСУЖДЕНИЕ ОПРЕДЕЛЕНИЯ ГАДЖЕТА" : 2303,
    "ОБСУЖДЕНИЕ УЧАСТНИКА" : 3,
    "ОБСУЖДЕНИЕ УЧАСТНИЦЫ" : 3,
    "ОПРЕДЕЛЕНИЕ ГАДЖЕТА" : 2302,
    "СÆРМАГОНД" : -1,
    "ТÆРХОН" : 1,
    "ТÆРХОН MEDIAWIKI" : 9,
    "УЧАСТНИК" : 2,
    "УЧАСТНИЦА" : 2,
    "ФАЙЛ" : 6,
    "ФАЙЛЫ ТÆРХОН" : 7,
    "ХУЫЗÆГ" : 10,
    "ХУЫЗÆДЖЫ ТÆРХОН" : 11,
    "ШАБЛОН" : 10,
    "ШАБЛОНЫ ТÆРХОН" : 11,
    "ШАБЛОНЫ ТЫХХÆЙ ДИСКУССИ" : 11
  }
}