{
  "mainpage" : "MAIN PEJ",
  "namespace" : {
    "" : 0,
    "CATEGORY" : 14,
    "CATEGORY TALK" : 15,
    "FILE" : 6,
    "FILE TALK" : 7,
    "FILE TOK ABAUT AM" : 7,
    "GADGET" : 2300,
    "GADGET DEFINITION" : 2302,
    "GADGET DEFINITION TALK" : 2303,
    "GADGET TALK" : 2301,
    "GAJET" : 2300,
    "GAJET DEFINISHON" : 2302,
    "GAJET DEFINISHON TOK ABAUT AM" : 2303,
    "GAJET TOK ABAUT AM" : 2301,
    "HELP" : 12,
    "HELP TALK" : 13,
    "HEP" : 12,
    "HEP TOK ABAUT AM" : 13,
    "IMAGE" : 6,
    "IMAGE TALK" : 7,
    "IMPOTANT" : -1,
    "KATIGORI" : 14,
    "KATIGORI TOK ABAUT AM" : 15,
    "MEDIA" : -2,
    "MEDIAWIKI" : 8,
    "MEDIAWIKI TALK" : 9,
    "MEDIAWIKI TOK ABAUT AM" : 9,
    "MODUL" : 828,
    "MODUL TOK ABAUT AM" : 829,
    "MODULE" : 828,
    "MODULE TALK" : 829,
    "PROJECT" : 4,
    "PROJECT TALK" : 5,
    "SPECIAL" : -1,
    "TALK" : 1,
    "TEMPLATE" : 10,
    "TEMPLATE TALK" : 11,
    "TEMPLET" : 10,
    "TEMPLET TOK ABAUT AM" : 11,
    "TIMEDTEXT" : 710,
    "TIMEDTEXT TALK" : 711,
    "TOK ABAUT AM" : 1,
    "USER" : 2,
    "USER TALK" : 3,
    "WIKIPEDIA" : 4,
    "WIKIPEDIA TALK" : 5,
    "WIKIPEDIA TOK ABAUT AM" : 5,
    "WP" : 4,
    "YUZA" : 2,
    "YUZA TOK ABAUT AM" : 3
  }
}