{
  "mainpage" : "ΑΡΧΙΚΌΝ ΣΕΛΊΔΑ",
  "namespace" : {
    "" : 0,
    "CATEGORY" : 14,
    "CATEGORY TALK" : 15,
    "FILE" : 6,
    "FILE TALK" : 7,
    "GADGET" : 2300,
    "GADGET DEFINITION" : 2302,
    "GADGET DEFINITION TALK" : 2303,
    "GADGET TALK" : 2301,
    "HELP" : 12,
    "HELP TALK" : 13,
    "IMAGE" : 6,
    "IMAGE TALK" : 7,
    "MEDIA" : -2,
    "MEDIAWIKI" : 8,
    "MEDIAWIKI TALK" : 9,
    "MODULE" : 828,
    "MODULE TALK" : 829,
    "PROJECT" : 4,
    "PROJECT TALK" : 5,
    "SPECIAL" : -1,
    "TALK" : 1,
    "TEMPLATE" : 10,
    "TEMPLATE TALK" : 11,
    "TIMEDTEXT" : 710,
    "TIMEDTEXT TALK" : 711,
    "USER" : 2,
    "USER TALK" : 3,
    "WIKIPEDIA" : 4,
    "WIKIPEDIA TALK" : 5,
    "WP" : 4,
    "ΑΡΧΕΊΟΝ" : 6,
    "ΒΙΚΙΠΑΊΔΕΙΑ" : 4,
    "ΒΙΚΙΠΑΊΔΕΙΑ ΚΑΛΆΤΣΕΜΑΝ" : 5,
    "ΒΙΚΙΠΑΊΔΕΙΑ ΣΥΖΉΤΗΣΗ" : 5,
    "ΒΟΉΘΕΙΑΝ" : 12,
    "ΕΙΔΙΚΌΝ" : -1,
    "ΕΙΚΌΝΑ" : 6,
    "ΕΙΚΌΝΑΝ" : 6,
    "ΚΑΛΆΤΣΕΜΑΝ" : 1,
    "ΚΑΛΆΤΣΕΜΑΝ ΑΡΧΕΊΟΝΟΣ" : 7,
    "ΚΑΛΆΤΣΕΜΑΝ ΒΟΉΘΕΙΑΣ" : 13,
    "ΚΑΛΆΤΣΕΜΑΝ ΕΙΚΌΝΑΣ" : 7,
    "ΚΑΛΆΤΣΕΜΑΝ ΚΑΤΗΓΟΡΊΑΣ" : 15,
    "ΚΑΛΆΤΣΕΜΑΝ ΠΡΌΤΥΠΙ" : 11,
    "ΚΑΛΆΤΣΕΜΑΝ ΧΡΉΣΤΕ" : 3,
    "ΚΑΤΗΓΟΡΊΑΝ" : 14,
    "ΜΈΣΟΝ" : -2,
    "ΠΡΌΤΥΠΟΝ" : 10,
    "ΣΥΖΉΤΗΣΗ ΕΙΚΌΝΑΣ" : 7,
    "ΧΡΉΣΤΕΣ" : 2
  }
}