{
  "mainpage" : "لومړی مخ",
  "namespace" : {
    "" : 0,
    "CATEGORY" : 14,
    "CATEGORY TALK" : 15,
    "FILE" : 6,
    "FILE TALK" : 7,
    "GADGET" : 2300,
    "GADGET DEFINITION" : 2302,
    "GADGET DEFINITION TALK" : 2303,
    "GADGET TALK" : 2301,
    "HELP" : 12,
    "HELP TALK" : 13,
    "IMAGE" : 6,
    "IMAGE TALK" : 7,
    "MEDIA" : -2,
    "MEDIAWIKI" : 8,
    "MEDIAWIKI TALK" : 9,
    "MODULE" : 828,
    "MODULE TALK" : 829,
    "PROJECT" : 4,
    "PROJECT TALK" : 5,
    "SPECIAL" : -1,
    "TALK" : 1,
    "TEMPLATE" : 10,
    "TEMPLATE TALK" : 11,
    "TIMEDTEXT" : 710,
    "TIMEDTEXT TALK" : 711,
    "USER" : 2,
    "USER TALK" : 3,
    "WIKIPEDIA" : 4,
    "WIKIPEDIA TALK" : 5,
    "WP" : 4,
    "انځور" : 6,
    "تانبه" : 100,
    "خبرې اترې" : 1,
    "ځﺎﻧګړی" : -1,
    "ځانگړی" : -1,
    "د انځور خبرې اترې" : 7,
    "د تانبې خبرې اترې" : 101,
    "د دوتنې خبرې اترې" : 7,
    "د کارن خبرې اترې" : 3,
    "د کارونکي خبرې اترې" : 3,
    "د کينډۍ خبرې اترې" : 11,
    "د لارښود خبرې اترې" : 13,
    "د ميډياويکي خبرې اترې" : 9,
    "د ويکيپېډيا خبرې اترې" : 5,
    "د وېشنيزې خبرې اترې" : 15,
    "دوتنه" : 6,
    "رسنۍ" : -2,
    "کارن" : 2,
    "کارونکی" : 2,
    "کينډۍ" : 10,
    "لارښود" : 12,
    "ميډياويکي" : 8,
    "ويکيپېډيا" : 4,
    "وېشنيزه" : 14
  }
}