{
  "mainpage" : "WIKIPÉDIA:PÁGINA PRINCIPAL",
  "namespace" : {
    "" : 0,
    "AJUDA" : 12,
    "AJUDA DISCUSSÃO" : 13,
    "ARQUIVO" : 6,
    "ARQUIVO DISCUSSÃO" : 7,
    "CATEGORIA" : 14,
    "CATEGORIA DISCUSSÃO" : 15,
    "CATEGORY" : 14,
    "CATEGORY TALK" : 15,
    "DISCUSSÃO" : 1,
    "DISCUSSÃO PORTAL" : 101,
    "EDUCATION PROGRAM" : 446,
    "EDUCATION PROGRAM TALK" : 447,
    "ESPECIAL" : -1,
    "FICHEIRO" : 6,
    "FICHEIRO DISCUSSÃO" : 7,
    "FILE" : 6,
    "FILE TALK" : 7,
    "GADGET" : 2300,
    "GADGET DEFINITION" : 2302,
    "GADGET DEFINITION TALK" : 2303,
    "GADGET TALK" : 2301,
    "HELP" : 12,
    "HELP TALK" : 13,
    "IMAGE" : 6,
    "IMAGE TALK" : 7,
    "IMAGEM" : 6,
    "IMAGEM DISCUSSÃO" : 7,
    "MEDIA" : -2,
    "MEDIAWIKI" : 8,
    "MEDIAWIKI DISCUSSÃO" : 9,
    "MEDIAWIKI TALK" : 9,
    "MODULE" : 828,
    "MODULE TALK" : 829,
    "MÓDULO" : 828,
    "MÓDULO DISCUSSÃO" : 829,
    "MULTIMÉDIA" : -2,
    "PORTAL" : 100,
    "PORTAL DISCUSSÃO" : 101,
    "PREDEFINIÇÃO" : 10,
    "PREDEFINIÇÃO DISCUSSÃO" : 11,
    "PROJECT" : 4,
    "PROJECT TALK" : 5,
    "SPECIAL" : -1,
    "TALK" : 1,
    "TEMPLATE" : 10,
    "TEMPLATE TALK" : 11,
    "TIMEDTEXT" : 710,
    "TIMEDTEXT TALK" : 711,
    "TOPIC" : 2600,
    "TÓPICO" : 2600,
    "USER" : 2,
    "USER TALK" : 3,
    "USUÁRIA" : 2,
    "USUÁRIA DISCUSSÃO" : 3,
    "USUÁRIO" : 2,
    "USUÁRIO DISCUSSÃO" : 3,
    "USUÁRIO(A)" : 2,
    "USUÁRIO(A) DISCUSSÃO" : 3,
    "UTILIZADOR" : 2,
    "UTILIZADOR DISCUSSÃO" : 3,
    "UTILIZADOR(A)" : 2,
    "UTILIZADOR(A) DISCUSSÃO" : 3,
    "UTILIZADORA" : 2,
    "UTILIZADORA DISCUSSÃO" : 3,
    "WIKIPEDIA" : 4,
    "WIKIPÉDIA" : 4,
    "WIKIPEDIA DISCUSSÃO" : 5,
    "WIKIPÉDIA DISCUSSÃO" : 5,
    "WIKIPEDIA TALK" : 5,
    "WP" : 4
  }
}