{
  "mainpage" : "СҮРҮН СИРЭЙ",
  "namespace" : {
    "" : 0,
    "CATEGORY" : 14,
    "CATEGORY TALK" : 15,
    "FILE" : 6,
    "FILE TALK" : 7,
    "GADGET" : 2300,
    "GADGET DEFINITION" : 2302,
    "GADGET DEFINITION TALK" : 2303,
    "GADGET TALK" : 2301,
    "HELP" : 12,
    "HELP TALK" : 13,
    "IMAGE" : 6,
    "IMAGE TALK" : 7,
    "MEDIA" : -2,
    "MEDIAWIKI" : 8,
    "MEDIAWIKI TALK" : 9,
    "MEDIAWIKI-НИ ЫРЫТЫЫ" : 9,
    "MODULE" : 828,
    "MODULE TALK" : 829,
    "PROJECT" : 4,
    "PROJECT TALK" : 5,
    "SPECIAL" : -1,
    "TALK" : 1,
    "TEMPLATE" : 10,
    "TEMPLATE TALK" : 11,
    "TIMEDTEXT" : 710,
    "TIMEDTEXT TALK" : 711,
    "USER" : 2,
    "USER TALK" : 3,
    "WIKIPEDIA" : 4,
    "WIKIPEDIA TALK" : 5,
    "WP" : 4,
    "АНАЛЛААХ" : -1,
    "БИКИПИЭДЬИЙЭ" : 4,
    "БИКИПИЭДЬИЙЭ ЫРЫТЫЫТА" : 5,
    "БИЛЭ" : 6,
    "БИЛЭ ЫРЫТЫЫТА" : 7,
    "ГАДЖЕТ" : 2300,
    "ИЗОБРАЖЕНИЕ" : 6,
    "КАТЕГОРИЯ" : 14,
    "КАТЕГОРИЯ ЫРЫТЫЫТА" : 15,
    "КАТЕГОРИЯНЫ ЫРЫТЫЫ" : 15,
    "КӨМӨ" : 12,
    "КӨМӨ ЫРЫТЫЫТА" : 13,
    "КӨМӨНҮ ЫРЫТЫЫ" : 13,
    "КЫТТААЧЧЫ" : 2,
    "КЫТТААЧЧЫ ЫРЫТЫЫТА" : 3,
    "МИЭДЬИЙЭ" : -2,
    "МОДУЛЬ" : 828,
    "ОБСУЖДЕНИЕ ГАДЖЕТА" : 2301,
    "ОБСУЖДЕНИЕ ИЗОБРАЖЕНИЯ" : 7,
    "ОБСУЖДЕНИЕ МОДУЛЯ" : 829,
    "ОБСУЖДЕНИЕ ОПРЕДЕЛЕНИЯ ГАДЖЕТА" : 2303,
    "ОЙУУ" : 6,
    "ОЙУУ ЫРЫТЫЫТА" : 7,
    "ОЙУУНУ ЫРЫТЫЫ" : 7,
    "ОПРЕДЕЛЕНИЕ ГАДЖЕТА" : 2302,
    "ХАЛЫЫБЫ ЫРЫТЫЫ" : 11,
    "ХАЛЫЫП" : 10,
    "ХАЛЫЫП ЫРЫТЫЫТА" : 11,
    "ЫРЫТЫЫ" : 1
  }
}