{
  "mainpage" : "GLAVNA STRANICA",
  "namespace" : {
    "" : 0,
    "CATEGORY" : 14,
    "CATEGORY TALK" : 15,
    "DATOTEKA" : 6,
    "DEFINICIJA SPRAVICE" : 2302,
    "FILE" : 6,
    "FILE TALK" : 7,
    "FOTOGRAFIJA" : 6,
    "GADGET" : 2300,
    "GADGET DEFINITION" : 2302,
    "GADGET DEFINITION TALK" : 2303,
    "GADGET TALK" : 2301,
    "HELP" : 12,
    "HELP TALK" : 13,
    "IMAGE" : 6,
    "IMAGE TALK" : 7,
    "KATEGORIJA" : 14,
    "KORISNIK" : 2,
    "MEDIA" : -2,
    "MEDIAWIKI" : 8,
    "MEDIAWIKI RAZGOVOR" : 9,
    "MEDIAWIKI TALK" : 9,
    "MEDIJA" : -2,
    "MEDIJAVIKI" : 8,
    "MEDIJAWIKI" : 8,
    "MEDIJI" : -2,
    "MODUL" : 828,
    "MODULE" : 828,
    "MODULE TALK" : 829,
    "NACRT" : 118,
    "POMOĆ" : 12,
    "PORTAL" : 100,
    "POSEBNO" : -1,
    "PREDLOŽAK" : 10,
    "PROJECT" : 4,
    "PROJECT TALK" : 5,
    "RAZGOVOR" : 1,
    "RAZGOVOR O DATOTECI" : 7,
    "RAZGOVOR O DEFINICIJI SPRAVICE" : 2303,
    "RAZGOVOR O FOTOGRAFIJI" : 7,
    "RAZGOVOR O KATEGORIJI" : 15,
    "RAZGOVOR O MEDIAWIKI-JU" : 9,
    "RAZGOVOR O MEDIAWIKIJU" : 9,
    "RAZGOVOR O MEDIJAVIKI-JU" : 9,
    "RAZGOVOR O MEDIJAVIKIJU" : 9,
    "RAZGOVOR O MEDIJAWIKI-JU" : 9,
    "RAZGOVOR O MEDIJAWIKIJU" : 9,
    "RAZGOVOR O MODULU" : 829,
    "RAZGOVOR O NACRTU" : 119,
    "RAZGOVOR O POMOĆI" : 13,
    "RAZGOVOR O PORTALU" : 101,
    "RAZGOVOR O PREDLOŠKU" : 11,
    "RAZGOVOR O ŠABLONU" : 11,
    "RAZGOVOR O SLICI" : 7,
    "RAZGOVOR O SPRAVICI" : 2301,
    "RAZGOVOR O WIKIPEDIA" : 5,
    "RAZGOVOR O WIKIPEDIJI" : 5,
    "RAZGOVOR S KORISNIKOM" : 3,
    "RAZGOVOR S S WIKIPEDIJA" : 5,
    "RAZGOVOR S SARADNIKOM" : 3,
    "RAZGOVOR S SURADNIKOM" : 3,
    "RAZGOVOR S WIKIPEDIJA" : 5,
    "RAZGOVOR SA KORISNIKOM" : 3,
    "RAZGOVOR SA SARADNIKOM" : 3,
    "RAZGOVOR SA SURADNIKOM" : 3,
    "RAZGOVOR WIKIPEDIJA" : 5,
    "ŠABLON" : 10,
    "SARADNIK" : 2,
    "SLIKA" : 6,
    "SPECIAL" : -1,
    "SPECIJALNO" : -1,
    "SPRAVICA" : 2300,
    "SURADNIK" : 2,
    "TALK" : 1,
    "TEMPLATE" : 10,
    "TEMPLATE TALK" : 11,
    "TIMEDTEXT" : 710,
    "TIMEDTEXT TALK" : 711,
    "USER" : 2,
    "USER TALK" : 3,
    "VIKIPEDIJA" : 4,
    "VP" : 4,
    "WIKIPEDIA" : 4,
    "WIKIPEDIA TALK" : 5,
    "WIKIPEDIJA" : 4,
    "WP" : 4,
    "ВИКИПЕДИЈА" : 4,
    "ВП" : 4,
    "ДАТОТЕКА" : 6,
    "ДЕФИНИЦИЈА СПРАВИЦЕ" : 2302,
    "КАТЕГОРИЈА" : 14,
    "КОРИСНИК" : 2,
    "МЕДИЈ" : -2,
    "МЕДИЈАВИКИ" : 8,
    "МОДУЛ" : 828,
    "ПОМОЋ" : 12,
    "ПОРТАЛ" : 100,
    "ПОСЕБНО" : -1,
    "РАЗГОВОР" : 1,
    "РАЗГОВОР О ВИКИПЕДИЈИ" : 5,
    "РАЗГОВОР О ДАТОТЕЦИ" : 7,
    "РАЗГОВОР О ДЕФИНИЦИЈИ СПРАВИЦЕ" : 2303,
    "РАЗГОВОР О КАТЕГОРИЈИ" : 15,
    "РАЗГОВОР О МЕДИЈАВИКИЈУ" : 9,
    "РАЗГОВОР О МОДУЛУ" : 829,
    "РАЗГОВОР О ПОМОЋИ" : 13,
    "РАЗГОВОР О ПОРТАЛУ" : 101,
    "РАЗГОВОР О СПРАВИЦИ" : 2301,
    "РАЗГОВОР О ШАБЛОНУ" : 11,
    "РАЗГОВОР С КОРИСНИКОМ" : 3,
    "СПРАВИЦА" : 2300,
    "ШАБЛОН" : 10
  }
}