{
  "mainpage" : "TASNA TAMZWARUT",
  "namespace" : {
    "" : 0,
    "AFAYLU" : 6,
    "AGGUR" : 100,
    "AMSAWAL" : 1,
    "AMSAWAL N MIDYAWIKI" : 9,
    "AMSAWAL N TAGGAYT" : 15,
    "AMSAWAL N TALƔA" : 11,
    "AMSAWAL N TWISI" : 13,
    "AMSAWAL N UFAYLU" : 7,
    "AMSAWAL N USMRAS" : 3,
    "AMSAWAL N WAGGUR" : 101,
    "AMSAWAL N WIKIPIDYA" : 5,
    "AMẒLI" : -1,
    "ASMRAS" : 2,
    "CATEGORY" : 14,
    "CATEGORY TALK" : 15,
    "DÉFINITION DE GADGET" : 2302,
    "DISCUSSION AIDE" : 13,
    "DISCUSSION CATÉGORIE" : 15,
    "DISCUSSION DÉFINITION DE GADGET" : 2303,
    "DISCUSSION FICHIER" : 7,
    "DISCUSSION GADGET" : 2301,
    "DISCUSSION IMAGE" : 7,
    "DISCUSSION MODÈLE" : 11,
    "DISCUSSION MODULE" : 829,
    "DISCUSSION UTILISATEUR" : 3,
    "DISCUTER" : 1,
    "FILE" : 6,
    "FILE TALK" : 7,
    "GADGET" : 2300,
    "GADGET DEFINITION" : 2302,
    "GADGET DEFINITION TALK" : 2303,
    "GADGET TALK" : 2301,
    "HELP" : 12,
    "HELP TALK" : 13,
    "IMAGE" : 6,
    "IMAGE TALK" : 7,
    "MEDIA" : -2,
    "MEDIAWIKI" : 8,
    "MEDIAWIKI TALK" : 9,
    "MIDYA" : -2,
    "MIDYAWIKI" : 8,
    "MODULE" : 828,
    "MODULE TALK" : 829,
    "PORTAL" : 100,
    "PORTAL TALK" : 101,
    "PROJECT" : 4,
    "PROJECT TALK" : 5,
    "SPECIAL" : -1,
    "TAGGAYT" : 14,
    "TALƔA" : 10,
    "TALK" : 1,
    "TEMPLATE" : 10,
    "TEMPLATE TALK" : 11,
    "TIMEDTEXT" : 710,
    "TIMEDTEXT TALK" : 711,
    "TIWISI" : 12,
    "USER" : 2,
    "USER TALK" : 3,
    "WIKIPEDIA" : 4,
    "WIKIPEDIA TALK" : 5,
    "WIKIPIDYA" : 4,
    "WIKIPIDYA TALK" : 5,
    "WP" : 4
  }
}