{
  "mainpage" : "ၼႃႈႁူဝ်ႁႅၵ်ႈ",
  "namespace" : {
    "" : 0,
    "CATEGORY" : 14,
    "CATEGORY TALK" : 15,
    "FILE" : 6,
    "FILE TALK" : 7,
    "GADGET" : 2300,
    "GADGET DEFINITION" : 2302,
    "GADGET DEFINITION TALK" : 2303,
    "GADGET TALK" : 2301,
    "HELP" : 12,
    "HELP TALK" : 13,
    "IMAGE" : 6,
    "IMAGE TALK" : 7,
    "MEDIA" : -2,
    "MEDIAWIKI" : 8,
    "MEDIAWIKI TALK" : 9,
    "MODULE" : 828,
    "MODULE TALK" : 829,
    "PROJECT" : 4,
    "PROJECT TALK" : 5,
    "SPECIAL" : -1,
    "TALK" : 1,
    "TEMPLATE" : 10,
    "TEMPLATE TALK" : 11,
    "TIMEDTEXT" : 710,
    "TIMEDTEXT TALK" : 711,
    "USER" : 2,
    "USER TALK" : 3,
    "WIKIPEDIA" : 4,
    "WIKIPEDIA TALK" : 5,
    "WP" : 4,
    "WT" : 5,
    "ၵိူၼ်ႇတူ" : 100,
    "ၶိုၵ်ႉတွၼ်း" : -1,
    "ၶိူင်ႈပိတ်းပွတ်း" : 2300,
    "တွၼ်ႈဢုပ်ႇ ၵိူၼ်ႇတူ" : 101,
    "ထႅမ်းပလဵၵ်ႉ" : 10,
    "ထႅမ်းပလဵတ်ႉ" : 10,
    "ပိုတ်ႇတီႈပွင်ႇ ၶိူင်ႈပိတ်းပွတ်း" : 2302,
    "ပိူင်ထၢၼ်ႈ" : 14,
    "ၽူႈၸႂ်ႉတိုဝ်း" : 2,
    "ၾၢႆႇ" : 6,
    "မီႇတီႇယႃႇဝီႇၶီႇ" : 8,
    "မေႃႇၵျူး" : 828,
    "လွင်ႈၸွႆႈထႅမ်" : 12,
    "ဝီႇၶီႇၽီးတီးယႃး" : 4,
    "သိုဝ်ႇၶၢဝ်ႇ" : -2,
    "သိုဝ်ႇၶၢဝ်ႇဝီႇၶီႇ" : 8,
    "ဢုပ်ႇၵုမ်" : 1,
    "ဢုပ်ႇၵုမ် ၶိူင်ႈပိတ်းပွတ်း" : 2301,
    "ဢုပ်ႇၵုမ် ထႅမ်းပလဵၵ်ႉ" : 11,
    "ဢုပ်ႇၵုမ် ထႅမ်းပလဵတ်ႉ" : 11,
    "ဢုပ်ႇၵုမ် ပိုတ်ႇတီႈပွင်ႇ ၶိူင်ႈပိတ်းပွတ်း" : 2303,
    "ဢုပ်ႇၵုမ် ပိူင်ထၢၼ်ႈ" : 15,
    "ဢုပ်ႇၵုမ် ၽူႈၸႂ်ႉတိုဝ်း" : 3,
    "ဢုပ်ႇၵုမ် ၾၢႆႇ" : 7,
    "ဢုပ်ႇၵုမ် မီႇတီႇယႃႇဝီႇၶီႇ" : 9,
    "ဢုပ်ႇၵုမ် မေႃႇၵျူး" : 829,
    "ဢုပ်ႇၵုမ် လွင်ႈၸွႆႈထႅမ်" : 13,
    "ဢုပ်ႇၵုမ် ဝီႇၶီႇၽီးတီးယႃး" : 5,
    "ဢုပ်ႇၵုမ် သိုဝ်ႇၶၢဝ်ႇဝီႇၶီႇ" : 9
  }
}