{
  "mainpage" : "මුල් පිටුව",
  "namespace" : {
    "" : 0,
    "CATEGORY" : 14,
    "CATEGORY TALK" : 15,
    "FILE" : 6,
    "FILE TALK" : 7,
    "GADGET" : 2300,
    "GADGET DEFINITION" : 2302,
    "GADGET DEFINITION TALK" : 2303,
    "GADGET TALK" : 2301,
    "HELP" : 12,
    "HELP TALK" : 13,
    "IMAGE" : 6,
    "IMAGE TALK" : 7,
    "MEDIA" : -2,
    "MEDIAWIKI" : 8,
    "MEDIAWIKI TALK" : 9,
    "MODULE" : 828,
    "MODULE TALK" : 829,
    "PORTAL" : 100,
    "PORTAL TALK" : 101,
    "PROJECT" : 4,
    "PROJECT TALK" : 5,
    "SPECIAL" : -1,
    "TALK" : 1,
    "TEMPLATE" : 10,
    "TEMPLATE TALK" : 11,
    "TIMEDTEXT" : 710,
    "TIMEDTEXT TALK" : 711,
    "USER" : 2,
    "USER TALK" : 3,
    "WIKIPEDIA" : 4,
    "WIKIPEDIA TALK" : 5,
    "WP" : 4,
    "උදව සාකච්ඡාව" : 13,
    "උදවු" : 12,
    "උදවු සාකච්ඡාව" : 13,
    "ගොනුව" : 6,
    "ගොනුව සාකච්ඡාව" : 7,
    "ද්වාරය" : 100,
    "ද්වාරය සාකච්ඡාව" : 101,
    "පරිශීලක" : 2,
    "පරිශීලක සාකච්ඡාව" : 3,
    "ප්‍රවර්ග සාකච්ඡාව" : 15,
    "ප්‍රවර්ගය" : 14,
    "මාධ්‍යය" : -2,
    "මාධ්‍යවිකි" : 8,
    "මාධ්‍යවිකි සාකච්ඡාව" : 9,
    "රූපය" : 6,
    "රූපය සාකච්ඡාව" : 7,
    "විකිපීඩියා" : 4,
    "විකිපීඩියා සාකච්ඡාව" : 5,
    "විකිමාධ්‍ය" : 8,
    "විකිමාධ්‍ය සාකච්ඡාව" : 9,
    "විශේෂ" : -1,
    "සාකච්ඡාව" : 1,
    "සැකිලි සාකච්ඡාව" : 11,
    "සැකිල්ල" : 10
  }
}