{
  "mainpage" : "GLAVNA STRAN",
  "namespace" : {
    "" : 0,
    "CATEGORY" : 14,
    "CATEGORY TALK" : 15,
    "DATOTEKA" : -2,
    "DRAFT" : 118,
    "DRAFT TALK" : 119,
    "FILE" : 6,
    "FILE TALK" : 7,
    "GADGET" : 2300,
    "GADGET DEFINITION" : 2302,
    "GADGET DEFINITION TALK" : 2303,
    "GADGET TALK" : 2301,
    "HELP" : 12,
    "HELP TALK" : 13,
    "IMAGE" : 6,
    "IMAGE TALK" : 7,
    "KATEGORIJA" : 14,
    "MEDIA" : -2,
    "MEDIAWIKI" : 8,
    "MEDIAWIKI TALK" : 9,
    "MODUL" : 828,
    "MODULE" : 828,
    "MODULE TALK" : 829,
    "OPREDELITEV PRIPOMOČKA" : 2302,
    "OSNUTEK" : 118,
    "POGOVOR" : 1,
    "POGOVOR O KATEGORIJI" : 15,
    "POGOVOR O MEDIAWIKI" : 9,
    "POGOVOR O MODULU" : 829,
    "POGOVOR O OPREDELITVI PRIPOMOČKA" : 2303,
    "POGOVOR O OSNUTKU" : 119,
    "POGOVOR O POMOČI" : 13,
    "POGOVOR O PORTALU" : 101,
    "POGOVOR O PREDLOGI" : 11,
    "POGOVOR O PRIPOMOČKU" : 2301,
    "POGOVOR O SLIKI" : 7,
    "POGOVOR O WIKIPEDIJI" : 5,
    "POMOČ" : 12,
    "PORTAL" : 100,
    "POSEBNO" : -1,
    "PREDLOGA" : 10,
    "PRIPOMOČEK" : 2300,
    "PROJECT" : 4,
    "PROJECT TALK" : 5,
    "SLIKA" : 6,
    "SPECIAL" : -1,
    "TALK" : 1,
    "TEMPLATE" : 10,
    "TEMPLATE TALK" : 11,
    "TIMEDTEXT" : 710,
    "TIMEDTEXT TALK" : 711,
    "UPORABNIK" : 2,
    "UPORABNIŠKI POGOVOR" : 3,
    "USER" : 2,
    "USER TALK" : 3,
    "WIKIPEDIA" : 4,
    "WIKIPEDIA TALK" : 5,
    "WIKIPEDIJA" : 4,
    "WP" : 4
  }
}