{
  "mainpage" : "OVDÂSIJĐO",
  "namespace" : {
    "" : 0,
    "CATEGORY" : 14,
    "CATEGORY TALK" : 15,
    "FILE" : 6,
    "FILE TALK" : 7,
    "GADGET" : 2300,
    "GADGET DEFINITION" : 2302,
    "GADGET DEFINITION TALK" : 2303,
    "GADGET TALK" : 2301,
    "HELP" : 12,
    "HELP TALK" : 13,
    "IMAGE" : 6,
    "IMAGE TALK" : 7,
    "KESKUSTELU KUVASTA" : 7,
    "KESKUSTELU PIENOISOHJELMAN MÄÄRITYKSESTÄ" : 2303,
    "KESKUSTELU PIENOISOHJELMASTA" : 2301,
    "KEVTTEE" : 2,
    "KUVA" : 6,
    "LUOKKA" : 14,
    "MEDIA" : -2,
    "MEDIAWIKI" : 8,
    "MEDIAWIKI TALK" : 9,
    "MODULE" : 828,
    "MODULE TALK" : 829,
    "MOODUUL" : 828,
    "MYENSTER" : 10,
    "PIENOISOHJELMA" : 2300,
    "PIENOISOHJELMAN MÄÄRITYS" : 2302,
    "PROJECT" : 4,
    "PROJECT TALK" : 5,
    "RAAVÂ" : 12,
    "SAVÂSTÂLLÂM" : 1,
    "SAVÂSTÂLLÂM KEVTTEST" : 3,
    "SAVÂSTÂLLÂM LUOKKAAST" : 15,
    "SAVÂSTÂLLÂM MODULIST" : 829,
    "SAVÂSTÂLLÂM MYENSTERIST" : 11,
    "SAVÂSTÂLLÂM RAVVUST" : 13,
    "SAVÂSTÂLLÂM SYSTEEMVIESTÂST" : 9,
    "SAVÂSTÂLLÂM TIÄTUVUÁRHÁST" : 7,
    "SAVÂSTÂLLÂM WIKIPEDIA" : 5,
    "SPECIAL" : -1,
    "SYSTEEMVIESTÂ" : 8,
    "TALK" : 1,
    "TEMPLATE" : 10,
    "TEMPLATE TALK" : 11,
    "TIÄTUVUÁRKKÁ" : 6,
    "TIMEDTEXT" : 710,
    "TIMEDTEXT TALK" : 711,
    "TOOIMAH" : -1,
    "USER" : 2,
    "USER TALK" : 3,
    "WIKIPEDIA" : 4,
    "WIKIPEDIA TALK" : 5,
    "WP" : 4
  }
}