{
  "mainpage" : "ГЛАВНА СТРАНА",
  "namespace" : {
    "" : 0,
    "CATEGORY" : 14,
    "CATEGORY TALK" : 15,
    "DATOTEKA" : 6,
    "DEFINICIJA SPRAVICE" : 2302,
    "DRAFT" : 118,
    "DRAFT TALK" : 119,
    "FILE" : 6,
    "FILE TALK" : 7,
    "GADGET" : 2300,
    "GADGET DEFINITION" : 2302,
    "GADGET DEFINITION TALK" : 2303,
    "GADGET TALK" : 2301,
    "HELP" : 12,
    "HELP TALK" : 13,
    "IMAGE" : 6,
    "IMAGE TALK" : 7,
    "KATEGORIJA" : 14,
    "KORISNIK" : 2,
    "MEDIA" : -2,
    "MEDIAWIKI" : 8,
    "MEDIAWIKI TALK" : 9,
    "MEDIJ" : -2,
    "MEDIJAVIKI" : 8,
    "MODUL" : 828,
    "MODULE" : 828,
    "MODULE TALK" : 829,
    "POMOĆ" : 12,
    "POSEBNO" : -1,
    "PROJECT" : 4,
    "PROJECT TALK" : 5,
    "RAZGOVOR" : 1,
    "RAZGOVOR O DATOTECI" : 7,
    "RAZGOVOR O DEFINICIJI SPRAVICE" : 2303,
    "RAZGOVOR O KATEGORIJI" : 15,
    "RAZGOVOR O MEDIJAVIKIJU" : 9,
    "RAZGOVOR O MODULU" : 829,
    "RAZGOVOR O POMOĆI" : 13,
    "RAZGOVOR O ŠABLONU" : 11,
    "RAZGOVOR O SPRAVICI" : 2301,
    "RAZGOVOR S KORISNIKOM" : 3,
    "ŠABLON" : 10,
    "SPECIAL" : -1,
    "SPRAVICA" : 2300,
    "TALK" : 1,
    "TEMPLATE" : 10,
    "TEMPLATE TALK" : 11,
    "TIMEDTEXT" : 710,
    "TIMEDTEXT TALK" : 711,
    "USER" : 2,
    "USER TALK" : 3,
    "VIKIPEDIJA" : 4,
    "VP" : 4,
    "WIKIPEDIA" : 4,
    "WIKIPEDIA TALK" : 5,
    "WP" : 4,
    "ВИКИПЕДИЈА" : 4,
    "ВП" : 4,
    "ДАТОТЕКА" : 6,
    "ДЕФИНИЦИЈА СПРАВИЦЕ" : 2302,
    "КАТЕГОРИЈА" : 14,
    "КОРИСНИК" : 2,
    "МЕДИЈ" : -2,
    "МЕДИЈА" : -2,
    "МЕДИЈАВИКИ" : 8,
    "МОДУЛ" : 828,
    "НАЦРТ" : 118,
    "ПОМОЋ" : 12,
    "ПОРТАЛ" : 100,
    "ПОСЕБНО" : -1,
    "ПРЕДЛОЖАК" : 10,
    "РАЗГОВОР" : 1,
    "РАЗГОВОР О MEDIAWIKI-ЈУ" : 9,
    "РАЗГОВОР О ВИКИПЕДИЈИ" : 5,
    "РАЗГОВОР О ДАТОТЕЦИ" : 7,
    "РАЗГОВОР О ДЕФИНИЦИЈИ СПРАВИЦЕ" : 2303,
    "РАЗГОВОР О КАТЕГОРИЈИ" : 15,
    "РАЗГОВОР О МЕДИЈАВИКИЈУ" : 9,
    "РАЗГОВОР О МОДУЛУ" : 829,
    "РАЗГОВОР О НАЦРТУ" : 119,
    "РАЗГОВОР О ПОМОЋИ" : 13,
    "РАЗГОВОР О ПОРТАЛУ" : 101,
    "РАЗГОВОР О ПРЕДЛОШКУ" : 11,
    "РАЗГОВОР О СЛИЦИ" : 7,
    "РАЗГОВОР О СПРАВИЦИ" : 2301,
    "РАЗГОВОР О ФОТОГРАФИЈИ" : 7,
    "РАЗГОВОР О ШАБЛОНУ" : 11,
    "РАЗГОВОР С КОРИСНИКОМ" : 3,
    "РАЗГОВОР С САРАДНИКОМ" : 3,
    "РАЗГОВОР С СУРАДНИКОМ" : 3,
    "РАЗГОВОР СА КОРИСНИКОМ" : 3,
    "РАЗГОВОР СА САРАДНИКОМ" : 3,
    "РАЗГОВОР СА СУРАДНИКОМ" : 3,
    "САРАДНИК" : 2,
    "СЛИКА" : 6,
    "СПЕЦИЈАЛНО" : -1,
    "СПРАВИЦА" : 2300,
    "СУРАДНИК" : 2,
    "ФОТОГРАФИЈА" : 6,
    "ШАБЛОН" : 10
  }
}