{
  "mainpage" : "முதற் பக்கம்",
  "namespace" : {
    "" : 0,
    "CATEGORY" : 14,
    "CATEGORY TALK" : 15,
    "DRAFT" : 118,
    "DRAFT TALK" : 119,
    "FILE" : 6,
    "FILE TALK" : 7,
    "GADGET" : 2300,
    "GADGET DEFINITION" : 2302,
    "GADGET DEFINITION TALK" : 2303,
    "GADGET TALK" : 2301,
    "HELP" : 12,
    "HELP TALK" : 13,
    "IMAGE" : 6,
    "IMAGE TALK" : 7,
    "MEDIA" : -2,
    "MEDIAWIKI" : 8,
    "MEDIAWIKI TALK" : 9,
    "MODULE" : 828,
    "MODULE TALK" : 829,
    "PROJECT" : 4,
    "PROJECT TALK" : 5,
    "SPECIAL" : -1,
    "TALK" : 1,
    "TEMPLATE" : 10,
    "TEMPLATE TALK" : 11,
    "TIMEDTEXT" : 710,
    "TIMEDTEXT TALK" : 711,
    "USER" : 2,
    "USER TALK" : 3,
    "WIKIPEDIA" : 4,
    "WIKIPEDIA TALK" : 5,
    "WP" : 4,
    "WT" : 5,
    "உதவி" : 12,
    "உதவி பேச்சு" : 13,
    "உருவப் பேச்சு" : 7,
    "ஊடகம்" : -2,
    "சிறப்பு" : -1,
    "பகுப்பு" : 14,
    "பகுப்பு பேச்சு" : 15,
    "படிமப் பேச்சு" : 7,
    "படிமம்" : 6,
    "பயனர்" : 2,
    "பயனர் பேச்சு" : 3,
    "பேச்சு" : 1,
    "மீடியாவிக்கி" : 8,
    "மீடியாவிக்கி பேச்சு" : 9,
    "வரைவு" : 118,
    "வரைவு பேச்சு" : 119,
    "வலைவாசல்" : 100,
    "வலைவாசல் பேச்சு" : 101,
    "வார்ப்புரு" : 10,
    "வார்ப்புரு பேச்சு" : 11,
    "விக்கிபீடியா" : 4,
    "விக்கிபீடியா பேச்சு" : 5,
    "விக்கிப்பீடியா" : 4,
    "விக்கிப்பீடியா பேச்சு" : 5
  }
}