{
  "mainpage" : "САҲИФАИ АСЛӢ",
  "namespace" : {
    "" : 0,
    "CATEGORY" : 14,
    "CATEGORY TALK" : 15,
    "FILE" : 6,
    "FILE TALK" : 7,
    "GADGET" : 2300,
    "GADGET DEFINITION" : 2302,
    "GADGET DEFINITION TALK" : 2303,
    "GADGET TALK" : 2301,
    "HELP" : 12,
    "HELP TALK" : 13,
    "IMAGE" : 6,
    "IMAGE TALK" : 7,
    "MEDIA" : -2,
    "MEDIAWIKI" : 8,
    "MEDIAWIKI TALK" : 9,
    "MODULE" : 828,
    "MODULE TALK" : 829,
    "PROJECT" : 4,
    "PROJECT TALK" : 5,
    "SPECIAL" : -1,
    "TALK" : 1,
    "TEMPLATE" : 10,
    "TEMPLATE TALK" : 11,
    "TIMEDTEXT" : 710,
    "TIMEDTEXT TALK" : 711,
    "USER" : 2,
    "USER TALK" : 3,
    "WIKIPEDIA" : 4,
    "WIKIPEDIA TALK" : 5,
    "WP" : 4,
    "АКС" : 6,
    "БАҲС" : 1,
    "БАҲСИ АКС" : 7,
    "БАҲСИ ВИКИПЕДИА" : 5,
    "БАҲСИ ГУРӮҲ" : 15,
    "БАҲСИ КОРБАР" : 3,
    "БАҲСИ ЛОИҲА" : 103,
    "БАҲСИ МЕДИАВИКИ" : 9,
    "БАҲСИ МОДУЛ" : 829,
    "БАҲСИ ПОРТАЛ" : 101,
    "БАҲСИ РОҲНАМО" : 13,
    "БАҲСИ ШАБЛОН" : 11,
    "ВИЖА" : -1,
    "ВИКИПЕДИА" : 4,
    "ВИКИПЕДИА TALK" : 5,
    "ГУРӮҲ" : 14,
    "КОРБАР" : 2,
    "ЛОИҲА" : 102,
    "МЕДИА" : -2,
    "МЕДИАВИКИ" : 8,
    "МОДУЛ" : 828,
    "ПОРТАЛ" : 100,
    "РОҲНАМО" : 12,
    "ШАБЛОН" : 10
  }
}