{
  "mainpage" : "КОЛ АРЫН",
  "namespace" : {
    "" : 0,
    "AЖЫГЛАКЧЫ" : 2,
    "AЖЫГЛАКЧЫ ЧУГАА" : 3,
    "AЖЫГЛАКЧЫ ЧУГААЗЫ" : 3,
    "CATEGORY" : 14,
    "CATEGORY TALK" : 15,
    "FILE" : 6,
    "FILE TALK" : 7,
    "GADGET" : 2300,
    "GADGET DEFINITION" : 2302,
    "GADGET DEFINITION TALK" : 2303,
    "GADGET TALK" : 2301,
    "HELP" : 12,
    "HELP TALK" : 13,
    "IMAGE" : 6,
    "IMAGE TALK" : 7,
    "MEDIA" : -2,
    "MEDIAWIKI" : 8,
    "MEDIAWIKI TALK" : 9,
    "MODULE" : 828,
    "MODULE TALK" : 829,
    "PROJECT" : 4,
    "PROJECT TALK" : 5,
    "SPECIAL" : -1,
    "TALK" : 1,
    "TEMPLATE" : 10,
    "TEMPLATE TALK" : 11,
    "TIMEDTEXT" : 710,
    "TIMEDTEXT TALK" : 711,
    "USER" : 2,
    "USER TALK" : 3,
    "WIKIPEDIA" : 4,
    "WIKIPEDIA TALK" : 5,
    "WP" : 4,
    "АЖЫГЛАКЧЫ" : 2,
    "АЖЫГЛАКЧЫ ЧУГАА" : 3,
    "АҢГЫЛАЛ" : 14,
    "АҢГЫЛАЛ ЧУГАА" : 15,
    "ВИКИПЕДИЯ" : 4,
    "ВИКИПЕДИЯ ДУГАЙЫНДА СҮМЕЛЕЛ" : 5,
    "ВИКИПЕДИЯ ЧУГААЗЫ" : 5,
    "ГАДЖЕТ" : 2300,
    "ДУЗА" : 12,
    "ДУЗА ЧУГАА" : 13,
    "ДУЗА ЧУГААЗЫ" : 13,
    "ИЗОБРАЖЕНИЕ" : 6,
    "КАТЕГОРИЯ" : 14,
    "КАТЕГОРИЯ ЧУГААЗЫ" : 15,
    "МАЙЫК" : 10,
    "МАЙЫК ЧУГАА" : 11,
    "МАЙЫК ЧУГААЗЫ" : 11,
    "МЕДИА" : -2,
    "МЕДИАВИКИ" : 8,
    "МЕДИАВИКИ ЧУГАА" : 9,
    "МЕДИАВИКИ ЧУГААЗЫ" : 9,
    "МОДУЛЬ" : 828,
    "ОБСУЖДЕНИЕ ГАДЖЕТА" : 2301,
    "ОБСУЖДЕНИЕ ИЗОБРАЖЕНИЯ" : 7,
    "ОБСУЖДЕНИЕ МОДУЛЯ" : 829,
    "ОБСУЖДЕНИЕ ОПРЕДЕЛЕНИЯ ГАДЖЕТА" : 2303,
    "ОПРЕДЕЛЕНИЕ ГАДЖЕТА" : 2302,
    "ТУСКАЙ" : -1,
    "ФАЙЛ" : 6,
    "ФАЙЛ ЧУГАА" : 7,
    "ФАЙЛ ЧУГААЗЫ" : 7,
    "ЧУГАА" : 1
  }
}