{
  "mainpage" : "MWAISSE PÅDJE",
  "namespace" : {
    "" : 0,
    "AIDANCE" : 12,
    "AIDANCE COPENE" : 13,
    "CATEGOREYE" : 14,
    "CATEGOREYE COPENE" : 15,
    "CATEGORY" : 14,
    "CATEGORY TALK" : 15,
    "COPENE" : 1,
    "DÉFINITION DE GADGET" : 2302,
    "DISCUSSION AIDE" : 13,
    "DISCUSSION CATÉGORIE" : 15,
    "DISCUSSION DÉFINITION DE GADGET" : 2303,
    "DISCUSSION FICHIER" : 7,
    "DISCUSSION GADGET" : 2301,
    "DISCUSSION IMAGE" : 7,
    "DISCUSSION MODÈLE" : 11,
    "DISCUSSION MODULE" : 829,
    "DISCUSSION UTILISATEUR" : 3,
    "DISCUTER" : 1,
    "FILE" : 6,
    "FILE TALK" : 7,
    "GADGET" : 2300,
    "GADGET DEFINITION" : 2302,
    "GADGET DEFINITION TALK" : 2303,
    "GADGET TALK" : 2301,
    "HELP" : 12,
    "HELP TALK" : 13,
    "IMÅDJE" : 6,
    "IMÅDJE COPENE" : 7,
    "IMAGE" : 6,
    "IMAGE TALK" : 7,
    "MEDIA" : -2,
    "MEDIAWIKI" : 8,
    "MEDIAWIKI COPENE" : 9,
    "MEDIAWIKI TALK" : 9,
    "MODELE" : 10,
    "MODELE COPENE" : 11,
    "MODULE" : 828,
    "MODULE TALK" : 829,
    "PROJECT" : 4,
    "PROJECT TALK" : 5,
    "SIPECIÅS" : -1,
    "SPECIAL" : -1,
    "SUJET" : 2600,
    "TALK" : 1,
    "TEMPLATE" : 10,
    "TEMPLATE TALK" : 11,
    "TIMEDTEXT" : 710,
    "TIMEDTEXT TALK" : 711,
    "TOPIC" : 2600,
    "USER" : 2,
    "USER TALK" : 3,
    "UZEU" : 2,
    "UZEU COPENE" : 3,
    "WIKIPEDIA" : 4,
    "WIKIPEDIA COPENE" : 5,
    "WIKIPEDIA TALK" : 5,
    "WP" : 4
  }
}