{
  "mainpage" : "OJÚEWÉ ÀKỌ́KỌ́",
  "namespace" : {
    "" : 0,
    "ÀDÀKỌ" : 10,
    "AMÓHÙNMÁWÒRÁN" : -2,
    "ÀWÒRÁN" : 6,
    "BOOK" : 108,
    "BOOK TALK" : 109,
    "CATEGORY" : 14,
    "CATEGORY TALK" : 15,
    "ÈBÚTÉ" : 100,
    "Ẹ̀KA" : 14,
    "FÁÌLÌ" : 6,
    "FILE" : 6,
    "FILE TALK" : 7,
    "GADGET" : 2300,
    "GADGET DEFINITION" : 2302,
    "GADGET DEFINITION TALK" : 2303,
    "GADGET TALK" : 2301,
    "HELP" : 12,
    "HELP TALK" : 13,
    "IMAGE" : 6,
    "IMAGE TALK" : 7,
    "ÌRÀNLỌ́WỌ́" : 12,
    "ÌWÉ" : 108,
    "MEDIA" : -2,
    "MEDIAWIKI" : 8,
    "MEDIAWIKI TALK" : 9,
    "MODULE" : 828,
    "MODULE TALK" : 829,
    "ONÍṢE" : 2,
    "Ọ̀RỌ̀" : 1,
    "Ọ̀RỌ̀ ÀDÀKỌ" : 11,
    "Ọ̀RỌ̀ ÀWÒRÁN" : 7,
    "Ọ̀RỌ̀ ÈBÚTÉ" : 101,
    "Ọ̀RỌ̀ Ẹ̀KA" : 15,
    "Ọ̀RỌ̀ FÁÌLÌ" : 7,
    "Ọ̀RỌ̀ ÌRÀNLỌ́WỌ́" : 13,
    "Ọ̀RỌ̀ ÌWÉ" : 109,
    "Ọ̀RỌ̀ MEDIAWIKI" : 9,
    "Ọ̀RỌ̀ ONÍṢE" : 3,
    "Ọ̀RỌ̀ WIKIPEDIA" : 5,
    "PÀTÀKÌ" : -1,
    "PORTAL" : 100,
    "PORTAL TALK" : 101,
    "PROJECT" : 4,
    "PROJECT TALK" : 5,
    "SPECIAL" : -1,
    "TALK" : 1,
    "TEMPLATE" : 10,
    "TEMPLATE TALK" : 11,
    "TIMEDTEXT" : 710,
    "TIMEDTEXT TALK" : 711,
    "USER" : 2,
    "USER TALK" : 3,
    "WIKIPEDIA" : 4,
    "WIKIPEDIA TALK" : 5,
    "WP" : 4
  }
}