{
  "mainpage" : "VÒBLAD",
  "namespace" : {
    "" : 0,
    "AFBEELDING" : 6,
    "CATEGORIE" : 14,
    "CATEGORY" : 14,
    "CATEGORY TALK" : 15,
    "FILE" : 6,
    "FILE TALK" : 7,
    "GADGET" : 2300,
    "GADGET DEFINITION" : 2302,
    "GADGET DEFINITION TALK" : 2303,
    "GADGET TALK" : 2301,
    "GEBRUKER" : 2,
    "HELP" : 12,
    "HELP TALK" : 13,
    "IMAGE" : 6,
    "IMAGE TALK" : 7,
    "MEDIA" : -2,
    "MEDIAWIKI" : 8,
    "MEDIAWIKI TALK" : 9,
    "MODULE" : 828,
    "MODULE TALK" : 829,
    "OVERLEG" : 1,
    "OVERLEG AFBEELDING" : 7,
    "OVERLEG CATEGORIE" : 15,
    "OVERLEG GEBRUKER" : 3,
    "OVERLEG MEDIAWIKI" : 9,
    "OVERLEG MODULE" : 829,
    "OVERLEG PLAETJE" : 7,
    "OVERLEG SJABLOON" : 11,
    "OVERLEG UITBREIDING" : 2301,
    "OVERLEG UITBREIDINGSDEFINITIE" : 2303,
    "OVERLEG ULPE" : 13,
    "OVERLEG WIKIPEDIA" : 5,
    "PLAETJE" : 6,
    "PROJECT" : 4,
    "PROJECT TALK" : 5,
    "SJABLOON" : 10,
    "SPECIAL" : -1,
    "SPECIAOL" : -1,
    "TALK" : 1,
    "TEMPLATE" : 10,
    "TEMPLATE TALK" : 11,
    "TIMEDTEXT" : 710,
    "TIMEDTEXT TALK" : 711,
    "UITBREIDING" : 2300,
    "UITBREIDINGSDEFINITIE" : 2302,
    "ULPE" : 12,
    "USER" : 2,
    "USER TALK" : 3,
    "WIKIPEDIA" : 4,
    "WIKIPEDIA TALK" : 5,
    "WP" : 4
  }
}